Timestamp,BatchID,SpectrumIteration,ProcessingTime_ms,ChiSquare,Success,CircuitCode,OptimizationMethod,Param1,Param2,Param3,Param4,Param5,Param6,Param7,Param8,Param9,Param10
2025-12-08T12:34:23+01:00,diode_test_453_files_1765193657,0,47.40,1.773485e-02,true,R(QR),nelder-mead,7.357767e+02,7.644547e-05,1.000000e+00,4.921238e+03,,,,,,
2025-12-08T12:34:23+01:00,diode_test_453_files_1765193657,1,45.93,1.775825e-02,true,R(QR),nelder-mead,7.359665e+02,7.635955e-05,1.000000e+00,4.923644e+03,,,,,,
2025-12-08T12:34:23+01:00,diode_test_453_files_1765193657,2,47.88,1.778398e-02,true,R(QR),nelder-mead,7.360160e+02,7.628306e-05,1.000000e+00,4.925625e+03,,,,,,
2025-12-08T12:34:23+01:00,diode_test_453_files_1765193657,3,48.79,1.780742e-02,true,R(QR),nelder-mead,7.360932e+02,7.621667e-05,1.000000e+00,4.927987e+03,,,,,,
2025-12-08T12:34:23+01:00,diode_test_453_files_1765193657,4,42.85,1.782165e-02,true,R(QR),nelder-mead,7.362649e+02,7.613639e-05,1.000000e+00,4.929802e+03,,,,,,
2025-12-08T12:34:23+01:00,diode_test_453_files_1765193657,5,41.42,1.785969e-02,true,R(QR),nelder-mead,7.362940e+02,7.605747e-05,1.000000e+00,4.932125e+03,,,,,,
2025-12-08T12:34:23+01:00,diode_test_453_files_1765193657,6,57.01,1.789129e-02,true,R(QR),nelder-mead,7.364276e+02,7.596734e-05,1.000000e+00,4.934487e+03,,,,,,
2025-12-08T12:34:23+01:00,diode_test_453_files_1765193657,7,44.80,1.791074e-02,true,R(QR),nelder-mead,7.364312e+02,7.587515e-05,1.000000e+00,4.936987e+03,,,,,,
2025-12-08T12:34:23+01:00,diode_test_453_files_1765193657,8,44.38,1.794606e-02,true,R(QR),nelder-mead,7.364751e+02,7.580648e-05,1.000000e+00,4.939012e+03,,,,,,
2025-12-08T12:34:23+01:00,diode_test_453_files_1765193657,9,42.20,1.797104e-02,true,R(QR),nelder-mead,7.364955e+02,7.571404e-05,1.000000e+00,4.941383e+03,,,,,,
2025-12-08T12:34:23+01:00,diode_test_453_files_1765193657,10,56.41,1.800894e-02,true,R(QR),nelder-mead,7.366699e+02,7.562829e-05,1.000000e+00,4.943574e+03,,,,,,
2025-12-08T12:34:23+01:00,diode_test_453_files_1765193657,11,49.60,1.804056e-02,true,R(QR),nelder-mead,7.367063e+02,7.554021e-05,1.000000e+00,4.946072e+03,,,,,,
2025-12-08T12:34:23+01:00,diode_test_453_files_1765193657,12,42.00,1.806927e-02,true,R(QR),nelder-mead,7.367856e+02,7.544899e-05,1.000000e+00,4.948230e+03,,,,,,
2025-12-08T12:34:23+01:00,diode_test_453_files_1765193657,13,43.96,1.810518e-02,true,R(QR),nelder-mead,7.368903e+02,7.538691e-05,1.000000e+00,4.950378e+03,,,,,,
2025-12-08T12:34:23+01:00,diode_test_453_files_1765193657,14,47.45,1.813691e-02,true,R(QR),nelder-mead,7.368864e+02,7.528723e-05,1.000000e+00,4.952831e+03,,,,,,
2025-12-08T12:34:23+01:00,diode_test_453_files_1765193657,15,54.16,1.816683e-02,true,R(QR),nelder-mead,7.368623e+02,7.520573e-05,1.000000e+00,4.955354e+03,,,,,,
2025-12-08T12:34:23+01:00,diode_test_453_files_1765193657,16,44.42,1.820717e-02,true,R(QR),nelder-mead,7.370244e+02,7.511863e-05,1.000000e+00,4.957720e+03,,,,,,
2025-12-08T12:34:23+01:00,diode_test_453_files_1765193657,17,47.78,1.825200e-02,true,R(QR),nelder-mead,7.370241e+02,7.501672e-05,1.000000e+00,4.960153e+03,,,,,,
2025-12-08T12:34:23+01:00,diode_test_453_files_1765193657,18,65.37,1.829393e-02,true,R(QR),nelder-mead,7.370716e+02,7.493451e-05,1.000000e+00,4.962832e+03,,,,,,
2025-12-08T12:34:23+01:00,diode_test_453_files_1765193657,19,61.10,1.832200e-02,true,R(QR),nelder-mead,7.371533e+02,7.484782e-05,1.000000e+00,4.964842e+03,,,,,,
2025-12-08T12:34:23+01:00,diode_test_453_files_1765193657,20,43.81,1.836696e-02,true,R(QR),nelder-mead,7.372555e+02,7.473512e-05,1.000000e+00,4.967856e+03,,,,,,
2025-12-08T12:34:23+01:00,diode_test_453_files_1765193657,21,46.21,1.840969e-02,true,R(QR),nelder-mead,7.373986e+02,7.465338e-05,1.000000e+00,4.970223e+03,,,,,,
2025-12-08T12:34:23+01:00,diode_test_453_files_1765193657,22,43.06,1.843319e-02,true,R(QR),nelder-mead,7.375816e+02,7.454736e-05,1.000000e+00,4.972821e+03,,,,,,
2025-12-08T12:34:23+01:00,diode_test_453_files_1765193657,23,44.19,1.848271e-02,true,R(QR),nelder-mead,7.376583e+02,7.445418e-05,1.000000e+00,4.975406e+03,,,,,,
2025-12-08T12:34:23+01:00,diode_test_453_files_1765193657,24,47.66,1.852462e-02,true,R(QR),nelder-mead,7.376849e+02,7.435921e-05,1.000000e+00,4.977825e+03,,,,,,
2025-12-08T12:34:23+01:00,diode_test_453_files_1765193657,25,57.71,1.857054e-02,true,R(QR),nelder-mead,7.377198e+02,7.427525e-05,1.000000e+00,4.980446e+03,,,,,,
2025-12-08T12:34:23+01:00,diode_test_453_files_1765193657,26,71.90,1.862391e-02,true,R(QR),nelder-mead,7.378110e+02,7.417567e-05,1.000000e+00,4.983089e+03,,,,,,
2025-12-08T12:34:23+01:00,diode_test_453_files_1765193657,27,61.67,1.866046e-02,true,R(QR),nelder-mead,7.378847e+02,7.406395e-05,1.000000e+00,4.985843e+03,,,,,,
2025-12-08T12:34:23+01:00,diode_test_453_files_1765193657,28,74.40,1.871424e-02,true,R(QR),nelder-mead,7.379716e+02,7.396712e-05,1.000000e+00,4.988493e+03,,,,,,
2025-12-08T12:34:23+01:00,diode_test_453_files_1765193657,29,68.66,1.875968e-02,true,R(QR),nelder-mead,7.380756e+02,7.387685e-05,1.000000e+00,4.991138e+03,,,,,,
2025-12-08T12:34:23+01:00,diode_test_453_files_1765193657,30,56.53,1.881298e-02,true,R(QR),nelder-mead,7.381468e+02,7.377660e-05,1.000000e+00,4.993782e+03,,,,,,
2025-12-08T12:34:23+01:00,diode_test_453_files_1765193657,31,46.90,1.885645e-02,true,R(QR),nelder-mead,7.382291e+02,7.367956e-05,1.000000e+00,4.996650e+03,,,,,,
2025-12-08T12:34:23+01:00,diode_test_453_files_1765193657,32,50.69,1.890930e-02,true,R(QR),nelder-mead,7.383095e+02,7.357911e-05,1.000000e+00,4.999237e+03,,,,,,
2025-12-08T12:34:23+01:00,diode_test_453_files_1765193657,33,44.31,1.895912e-02,true,R(QR),nelder-mead,7.383256e+02,7.348028e-05,1.000000e+00,5.002023e+03,,,,,,
2025-12-08T12:34:23+01:00,diode_test_453_files_1765193657,34,50.15,1.901158e-02,true,R(QR),nelder-mead,7.383718e+02,7.337760e-05,1.000000e+00,5.005000e+03,,,,,,
2025-12-08T12:34:23+01:00,diode_test_453_files_1765193657,35,46.69,1.907035e-02,true,R(QR),nelder-mead,7.384295e+02,7.328207e-05,1.000000e+00,5.008107e+03,,,,,,
2025-12-08T12:34:23+01:00,diode_test_453_files_1765193657,36,51.04,1.913498e-02,true,R(QR),nelder-mead,7.384809e+02,7.317928e-05,1.000000e+00,5.010865e+03,,,,,,
2025-12-08T12:34:23+01:00,diode_test_453_files_1765193657,37,52.67,1.919661e-02,true,R(QR),nelder-mead,7.385588e+02,7.306159e-05,1.000000e+00,5.013836e+03,,,,,,
2025-12-08T12:34:23+01:00,diode_test_453_files_1765193657,38,45.17,1.925518e-02,true,R(QR),nelder-mead,7.386142e+02,7.296474e-05,1.000000e+00,5.016635e+03,,,,,,
2025-12-08T12:34:23+01:00,diode_test_453_files_1765193657,39,52.61,1.931448e-02,true,R(QR),nelder-mead,7.387892e+02,7.285576e-05,1.000000e+00,5.019813e+03,,,,,,
2025-12-08T12:34:23+01:00,diode_test_453_files_1765193657,40,50.44,1.938795e-02,true,R(QR),nelder-mead,7.388694e+02,7.275017e-05,1.000000e+00,5.022562e+03,,,,,,
2025-12-08T12:34:23+01:00,diode_test_453_files_1765193657,41,53.53,1.943863e-02,true,R(QR),nelder-mead,7.389834e+02,7.264739e-05,1.000000e+00,5.025561e+03,,,,,,
2025-12-08T12:34:23+01:00,diode_test_453_files_1765193657,42,47.93,1.950790e-02,true,R(QR),nelder-mead,7.391630e+02,7.254230e-05,1.000000e+00,5.028518e+03,,,,,,
2025-12-08T12:34:23+01:00,diode_test_453_files_1765193657,43,59.41,1.956656e-02,true,R(QR),nelder-mead,7.392595e+02,7.243663e-05,1.000000e+00,5.031421e+03,,,,,,
2025-12-08T12:34:23+01:00,diode_test_453_files_1765193657,44,56.90,1.964595e-02,true,R(QR),nelder-mead,7.392897e+02,7.233029e-05,1.000000e+00,5.034642e+03,,,,,,
2025-12-08T12:34:23+01:00,diode_test_453_files_1765193657,45,67.54,1.972091e-02,true,R(QR),nelder-mead,7.393601e+02,7.222168e-05,1.000000e+00,5.037810e+03,,,,,,
2025-12-08T12:34:23+01:00,diode_test_453_files_1765193657,46,48.93,1.980427e-02,true,R(QR),nelder-mead,7.395322e+02,7.210162e-05,1.000000e+00,5.040843e+03,,,,,,
2025-12-08T12:34:23+01:00,diode_test_453_files_1765193657,47,49.10,1.987379e-02,true,R(QR),nelder-mead,7.396031e+02,7.200148e-05,1.000000e+00,5.043967e+03,,,,,,
2025-12-08T12:34:23+01:00,diode_test_453_files_1765193657,48,47.76,1.994764e-02,true,R(QR),nelder-mead,7.397377e+02,7.189783e-05,1.000000e+00,5.047067e+03,,,,,,
2025-12-08T12:34:23+01:00,diode_test_453_files_1765193657,49,43.62,2.002830e-02,true,R(QR),nelder-mead,7.398650e+02,7.178597e-05,1.000000e+00,5.050373e+03,,,,,,
2025-12-08T12:34:23+01:00,diode_test_453_files_1765193657,50,61.36,2.010136e-02,true,R(QR),nelder-mead,7.399663e+02,7.167305e-05,1.000000e+00,5.053765e+03,,,,,,
2025-12-08T12:34:23+01:00,diode_test_453_files_1765193657,51,42.80,2.018216e-02,true,R(QR),nelder-mead,7.400472e+02,7.155158e-05,1.000000e+00,5.057235e+03,,,,,,
2025-12-08T12:34:23+01:00,diode_test_453_files_1765193657,52,62.84,2.026948e-02,true,R(QR),nelder-mead,7.401037e+02,7.145413e-05,1.000000e+00,5.060556e+03,,,,,,
2025-12-08T12:34:23+01:00,diode_test_453_files_1765193657,53,54.88,2.035483e-02,true,R(QR),nelder-mead,7.401945e+02,7.134334e-05,1.000000e+00,5.063796e+03,,,,,,
2025-12-08T12:34:23+01:00,diode_test_453_files_1765193657,54,52.49,2.045027e-02,true,R(QR),nelder-mead,7.402716e+02,7.122338e-05,1.000000e+00,5.067071e+03,,,,,,
2025-12-08T12:34:23+01:00,diode_test_453_files_1765193657,55,52.15,2.054778e-02,true,R(QR),nelder-mead,7.403458e+02,7.111161e-05,1.000000e+00,5.070516e+03,,,,,,
2025-12-08T12:34:23+01:00,diode_test_453_files_1765193657,56,57.46,2.064501e-02,true,R(QR),nelder-mead,7.404626e+02,7.098653e-05,1.000000e+00,5.074015e+03,,,,,,
2025-12-08T12:34:23+01:00,diode_test_453_files_1765193657,57,53.12,2.074670e-02,true,R(QR),nelder-mead,7.405698e+02,7.087676e-05,1.000000e+00,5.077575e+03,,,,,,
2025-12-08T12:34:23+01:00,diode_test_453_files_1765193657,58,54.17,2.084560e-02,true,R(QR),nelder-mead,7.406867e+02,7.076611e-05,1.000000e+00,5.081078e+03,,,,,,
2025-12-08T12:34:23+01:00,diode_test_453_files_1765193657,59,49.50,2.094360e-02,true,R(QR),nelder-mead,7.408183e+02,7.063461e-05,1.000000e+00,5.084753e+03,,,,,,
2025-12-08T12:34:23+01:00,diode_test_453_files_1765193657,60,50.40,2.104393e-02,true,R(QR),nelder-mead,7.408971e+02,7.052731e-05,1.000000e+00,5.088262e+03,,,,,,
2025-12-08T12:34:23+01:00,diode_test_453_files_1765193657,61,51.31,2.115183e-02,true,R(QR),nelder-mead,7.409743e+02,7.041053e-05,1.000000e+00,5.091937e+03,,,,,,
2025-12-08T12:34:23+01:00,diode_test_453_files_1765193657,62,48.62,2.126067e-02,true,R(QR),nelder-mead,7.410406e+02,7.027735e-05,1.000000e+00,5.095826e+03,,,,,,
2025-12-08T12:34:23+01:00,diode_test_453_files_1765193657,63,53.06,2.138235e-02,true,R(QR),nelder-mead,7.411261e+02,7.016044e-05,1.000000e+00,5.099675e+03,,,,,,
2025-12-08T12:34:23+01:00,diode_test_453_files_1765193657,64,49.00,2.150243e-02,true,R(QR),nelder-mead,7.412302e+02,7.003035e-05,1.000000e+00,5.103197e+03,,,,,,
2025-12-08T12:34:23+01:00,diode_test_453_files_1765193657,65,84.35,2.161705e-02,true,R(QR),nelder-mead,7.413134e+02,6.991371e-05,1.000000e+00,5.107027e+03,,,,,,
2025-12-08T12:34:23+01:00,diode_test_453_files_1765193657,66,54.98,2.173948e-02,true,R(QR),nelder-mead,7.414364e+02,6.979258e-05,1.000000e+00,5.110834e+03,,,,,,
2025-12-08T12:34:23+01:00,diode_test_453_files_1765193657,67,65.09,2.186277e-02,true,R(QR),nelder-mead,7.415145e+02,6.967004e-05,1.000000e+00,5.114807e+03,,,,,,
2025-12-08T12:34:23+01:00,diode_test_453_files_1765193657,68,47.37,2.199095e-02,true,R(QR),nelder-mead,7.415859e+02,6.953575e-05,1.000000e+00,5.118514e+03,,,,,,
2025-12-08T12:34:23+01:00,diode_test_453_files_1765193657,69,43.26,2.211976e-02,true,R(QR),nelder-mead,7.416964e+02,6.941754e-05,1.000000e+00,5.122538e+03,,,,,,
2025-12-08T12:34:23+01:00,diode_test_453_files_1765193657,70,52.37,2.226243e-02,true,R(QR),nelder-mead,7.417652e+02,6.928875e-05,1.000000e+00,5.126730e+03,,,,,,
2025-12-08T12:34:23+01:00,diode_test_453_files_1765193657,71,49.00,2.240596e-02,true,R(QR),nelder-mead,7.418174e+02,6.916617e-05,1.000000e+00,5.130677e+03,,,,,,
2025-12-08T12:34:23+01:00,diode_test_453_files_1765193657,72,49.13,2.254868e-02,true,R(QR),nelder-mead,7.420244e+02,6.902416e-05,1.000000e+00,5.134834e+03,,,,,,
2025-12-08T12:34:23+01:00,diode_test_453_files_1765193657,73,52.56,2.271434e-02,true,R(QR),nelder-mead,7.419525e+02,6.889712e-05,1.000000e+00,5.139071e+03,,,,,,
2025-12-08T12:34:23+01:00,diode_test_453_files_1765193657,74,81.87,2.287096e-02,true,R(QR),nelder-mead,7.421355e+02,6.876980e-05,1.000000e+00,5.143161e+03,,,,,,
2025-12-08T12:34:23+01:00,diode_test_453_files_1765193657,75,46.40,2.301824e-02,true,R(QR),nelder-mead,7.422693e+02,6.862867e-05,1.000000e+00,5.147067e+03,,,,,,
2025-12-08T12:34:23+01:00,diode_test_453_files_1765193657,76,50.25,2.318144e-02,true,R(QR),nelder-mead,7.424175e+02,6.850480e-05,1.000000e+00,5.151296e+03,,,,,,
2025-12-08T12:34:23+01:00,diode_test_453_files_1765193657,77,48.61,2.334730e-02,true,R(QR),nelder-mead,7.425872e+02,6.835936e-05,1.000000e+00,5.155593e+03,,,,,,
2025-12-08T12:34:23+01:00,diode_test_453_files_1765193657,78,46.18,2.351475e-02,true,R(QR),nelder-mead,7.426889e+02,6.823406e-05,1.000000e+00,5.160099e+03,,,,,,
2025-12-08T12:34:23+01:00,diode_test_453_files_1765193657,79,45.45,2.369486e-02,true,R(QR),nelder-mead,7.428376e+02,6.809445e-05,1.000000e+00,5.164454e+03,,,,,,
2025-12-08T12:34:23+01:00,diode_test_453_files_1765193657,80,43.10,2.387035e-02,true,R(QR),nelder-mead,7.428661e+02,6.796416e-05,1.000000e+00,5.168798e+03,,,,,,
2025-12-08T12:34:23+01:00,diode_test_453_files_1765193657,81,44.98,2.406049e-02,true,R(QR),nelder-mead,7.430266e+02,6.782523e-05,1.000000e+00,5.173109e+03,,,,,,
2025-12-08T12:34:23+01:00,diode_test_453_files_1765193657,82,50.14,2.425401e-02,true,R(QR),nelder-mead,7.432938e+02,6.769706e-05,1.000000e+00,5.177436e+03,,,,,,
2025-12-08T12:34:23+01:00,diode_test_453_files_1765193657,83,50.33,2.445951e-02,true,R(QR),nelder-mead,7.432972e+02,6.755106e-05,1.000000e+00,5.181918e+03,,,,,,
2025-12-08T12:34:23+01:00,diode_test_453_files_1765193657,84,46.76,2.466001e-02,true,R(QR),nelder-mead,7.434694e+02,6.740468e-05,1.000000e+00,5.186389e+03,,,,,,
2025-12-08T12:34:23+01:00,diode_test_453_files_1765193657,85,59.65,2.486729e-02,true,R(QR),nelder-mead,7.436116e+02,6.726674e-05,1.000000e+00,5.190818e+03,,,,,,
2025-12-08T12:34:23+01:00,diode_test_453_files_1765193657,86,56.33,2.509121e-02,true,R(QR),nelder-mead,7.437149e+02,6.713091e-05,1.000000e+00,5.195327e+03,,,,,,
2025-12-08T12:34:23+01:00,diode_test_453_files_1765193657,87,70.01,2.530900e-02,true,R(QR),nelder-mead,7.438503e+02,6.698819e-05,1.000000e+00,5.199990e+03,,,,,,
2025-12-08T12:34:23+01:00,diode_test_453_files_1765193657,88,57.61,2.555047e-02,true,R(QR),nelder-mead,7.439424e+02,6.684897e-05,1.000000e+00,5.204390e+03,,,,,,
2025-12-08T12:34:23+01:00,diode_test_453_files_1765193657,89,60.79,2.578835e-02,true,R(QR),nelder-mead,7.440299e+02,6.670288e-05,1.000000e+00,5.209130e+03,,,,,,
2025-12-08T12:34:23+01:00,diode_test_453_files_1765193657,90,52.46,2.604027e-02,true,R(QR),nelder-mead,7.441669e+02,6.656530e-05,1.000000e+00,5.213970e+03,,,,,,
2025-12-08T12:34:23+01:00,diode_test_453_files_1765193657,91,51.85,2.627396e-02,true,R(QR),nelder-mead,7.443006e+02,6.642054e-05,1.000000e+00,5.218694e+03,,,,,,
2025-12-08T12:34:23+01:00,diode_test_453_files_1765193657,92,47.86,2.656148e-02,true,R(QR),nelder-mead,7.442649e+02,6.627925e-05,1.000000e+00,5.223662e+03,,,,,,
2025-12-08T12:34:23+01:00,diode_test_453_files_1765193657,93,59.21,2.684003e-02,true,R(QR),nelder-mead,7.445243e+02,6.613859e-05,1.000000e+00,5.228220e+03,,,,,,
2025-12-08T12:34:23+01:00,diode_test_453_files_1765193657,94,56.21,2.711135e-02,true,R(QR),nelder-mead,7.447661e+02,6.597825e-05,1.000000e+00,5.233333e+03,,,,,,
2025-12-08T12:34:23+01:00,diode_test_453_files_1765193657,95,50.27,2.741150e-02,true,R(QR),nelder-mead,7.448315e+02,6.583806e-05,1.000000e+00,5.238286e+03,,,,,,
2025-12-08T12:34:23+01:00,diode_test_453_files_1765193657,96,63.23,2.770153e-02,true,R(QR),nelder-mead,7.449447e+02,6.570104e-05,1.000000e+00,5.243016e+03,,,,,,
2025-12-08T12:34:23+01:00,diode_test_453_files_1765193657,97,52.61,2.800659e-02,true,R(QR),nelder-mead,7.451680e+02,6.554451e-05,1.000000e+00,5.247955e+03,,,,,,
2025-12-08T12:34:23+01:00,diode_test_453_files_1765193657,98,58.05,2.833735e-02,true,R(QR),nelder-mead,7.451973e+02,6.540713e-05,1.000000e+00,5.252703e+03,,,,,,
2025-12-08T12:34:23+01:00,diode_test_453_files_1765193657,99,57.98,2.867192e-02,true,R(QR),nelder-mead,7.453349e+02,6.526604e-05,1.000000e+00,5.257597e+03,,,,,,
2025-12-08T12:34:23+01:00,diode_test_453_files_1765193657,100,61.64,2.901640e-02,true,R(QR),nelder-mead,7.455834e+02,6.510706e-05,1.000000e+00,5.262524e+03,,,,,,
2025-12-08T12:34:23+01:00,diode_test_453_files_1765193657,101,50.90,2.938335e-02,true,R(QR),nelder-mead,7.457365e+02,6.496621e-05,1.000000e+00,5.267626e+03,,,,,,
2025-12-08T12:34:23+01:00,diode_test_453_files_1765193657,102,51.71,2.974360e-02,true,R(QR),nelder-mead,7.458640e+02,6.482677e-05,1.000000e+00,5.272312e+03,,,,,,
2025-12-08T12:34:23+01:00,diode_test_453_files_1765193657,103,47.03,3.013742e-02,true,R(QR),nelder-mead,7.457946e+02,6.467920e-05,1.000000e+00,5.277408e+03,,,,,,
2025-12-08T12:34:23+01:00,diode_test_453_files_1765193657,104,68.00,3.050047e-02,true,R(QR),nelder-mead,7.462542e+02,6.453230e-05,1.000000e+00,5.282201e+03,,,,,,
2025-12-08T12:34:23+01:00,diode_test_453_files_1765193657,105,56.84,3.091986e-02,true,R(QR),nelder-mead,7.462520e+02,6.439127e-05,1.000000e+00,5.287239e+03,,,,,,
2025-12-08T12:34:23+01:00,diode_test_453_files_1765193657,106,53.91,3.134459e-02,true,R(QR),nelder-mead,7.463832e+02,6.425414e-05,1.000000e+00,5.292147e+03,,,,,,
2025-12-08T12:34:23+01:00,diode_test_453_files_1765193657,107,61.03,3.177738e-02,true,R(QR),nelder-mead,7.465933e+02,6.409778e-05,1.000000e+00,5.297312e+03,,,,,,
2025-12-08T12:34:23+01:00,diode_test_453_files_1765193657,108,58.20,3.224253e-02,true,R(QR),nelder-mead,7.465760e+02,6.394316e-05,1.000000e+00,5.302518e+03,,,,,,
2025-12-08T12:34:23+01:00,diode_test_453_files_1765193657,109,55.18,3.271556e-02,true,R(QR),nelder-mead,7.466795e+02,6.381225e-05,1.000000e+00,5.307467e+03,,,,,,
2025-12-08T12:34:23+01:00,diode_test_453_files_1765193657,110,62.95,3.320579e-02,true,R(QR),nelder-mead,7.469095e+02,6.367515e-05,1.000000e+00,5.312283e+03,,,,,,
2025-12-08T12:34:23+01:00,diode_test_453_files_1765193657,111,63.24,3.370802e-02,true,R(QR),nelder-mead,7.470295e+02,6.353157e-05,1.000000e+00,5.317390e+03,,,,,,
2025-12-08T12:34:23+01:00,diode_test_453_files_1765193657,112,69.29,3.423052e-02,true,R(QR),nelder-mead,7.471825e+02,6.338623e-05,1.000000e+00,5.322065e+03,,,,,,
2025-12-08T12:34:23+01:00,diode_test_453_files_1765193657,113,59.88,3.476062e-02,true,R(QR),nelder-mead,7.473734e+02,6.325678e-05,1.000000e+00,5.326732e+03,,,,,,
2025-12-08T12:34:23+01:00,diode_test_453_files_1765193657,114,63.00,3.533653e-02,true,R(QR),nelder-mead,7.475211e+02,6.311934e-05,1.000000e+00,5.331528e+03,,,,,,
2025-12-08T12:34:23+01:00,diode_test_453_files_1765193657,115,46.58,3.590371e-02,true,R(QR),nelder-mead,7.476928e+02,6.298324e-05,1.000000e+00,5.336315e+03,,,,,,
2025-12-08T12:34:23+01:00,diode_test_453_files_1765193657,116,95.23,3.651985e-02,true,R(QR),nelder-mead,7.476704e+02,6.285071e-05,1.000000e+00,5.341109e+03,,,,,,
2025-12-08T12:34:23+01:00,diode_test_453_files_1765193657,117,52.60,3.713018e-02,true,R(QR),nelder-mead,7.479709e+02,6.271868e-05,1.000000e+00,5.345523e+03,,,,,,
2025-12-08T12:34:23+01:00,diode_test_453_files_1765193657,118,96.13,3.778062e-02,true,R(QR),nelder-mead,7.479171e+02,6.259745e-05,1.000000e+00,5.350216e+03,,,,,,
2025-12-08T12:34:23+01:00,diode_test_453_files_1765193657,119,88.32,3.845376e-02,true,R(QR),nelder-mead,7.481035e+02,6.246252e-05,1.000000e+00,5.354508e+03,,,,,,
2025-12-08T12:34:23+01:00,diode_test_453_files_1765193657,120,118.22,3.917032e-02,true,R(QR),nelder-mead,7.482371e+02,6.233249e-05,1.000000e+00,5.359134e+03,,,,,,
2025-12-08T12:34:23+01:00,diode_test_453_files_1765193657,121,92.89,3.987030e-02,true,R(QR),nelder-mead,7.483255e+02,6.220741e-05,1.000000e+00,5.363530e+03,,,,,,
2025-12-08T12:34:23+01:00,diode_test_453_files_1765193657,122,79.10,4.062594e-02,true,R(QR),nelder-mead,7.485290e+02,6.210381e-05,1.000000e+00,5.367347e+03,,,,,,
2025-12-08T12:34:23+01:00,diode_test_453_files_1765193657,123,72.09,4.139449e-02,true,R(QR),nelder-mead,7.485857e+02,6.198815e-05,1.000000e+00,5.371337e+03,,,,,,
2025-12-08T12:34:23+01:00,diode_test_453_files_1765193657,124,145.34,4.220187e-02,true,R(QR),nelder-mead,7.487059e+02,6.186806e-05,1.000000e+00,5.375345e+03,,,,,,
2025-12-08T12:34:23+01:00,diode_test_453_files_1765193657,125,157.35,4.304186e-02,true,R(QR),nelder-mead,7.487302e+02,6.176397e-05,1.000000e+00,5.378742e+03,,,,,,
2025-12-08T12:34:23+01:00,diode_test_453_files_1765193657,126,164.59,4.391436e-02,true,R(QR),nelder-mead,7.489347e+02,6.165548e-05,1.000000e+00,5.382305e+03,,,,,,
2025-12-08T12:34:23+01:00,diode_test_453_files_1765193657,127,155.06,4.483027e-02,true,R(QR),nelder-mead,7.489092e+02,6.154866e-05,1.000000e+00,5.385980e+03,,,,,,
2025-12-08T12:34:23+01:00,diode_test_453_files_1765193657,128,119.86,4.577816e-02,true,R(QR),nelder-mead,7.491307e+02,6.142919e-05,1.000000e+00,5.388850e+03,,,,,,
2025-12-08T12:34:23+01:00,diode_test_453_files_1765193657,129,89.13,4.674115e-02,true,R(QR),nelder-mead,7.490652e+02,6.135609e-05,1.000000e+00,5.392440e+03,,,,,,
2025-12-08T12:34:23+01:00,diode_test_453_files_1765193657,130,75.59,4.774944e-02,true,R(QR),nelder-mead,7.493393e+02,6.126085e-05,1.000000e+00,5.394822e+03,,,,,,
2025-12-08T12:34:23+01:00,diode_test_453_files_1765193657,131,79.50,4.879579e-02,true,R(QR),nelder-mead,7.493513e+02,6.118521e-05,1.000000e+00,5.397189e+03,,,,,,
2025-12-08T12:34:23+01:00,diode_test_453_files_1765193657,132,89.25,4.989302e-02,true,R(QR),nelder-mead,7.495066e+02,6.111918e-05,1.000000e+00,5.399251e+03,,,,,,
2025-12-08T12:34:23+01:00,diode_test_453_files_1765193657,133,75.98,5.100312e-02,true,R(QR),nelder-mead,7.496144e+02,6.102352e-05,1.000000e+00,5.401502e+03,,,,,,
2025-12-08T12:34:23+01:00,diode_test_453_files_1765193657,134,86.24,5.217937e-02,true,R(QR),nelder-mead,7.497272e+02,6.097433e-05,1.000000e+00,5.402739e+03,,,,,,
2025-12-08T12:34:23+01:00,diode_test_453_files_1765193657,135,66.56,5.338750e-02,true,R(QR),nelder-mead,7.498101e+02,6.090298e-05,1.000000e+00,5.404029e+03,,,,,,
2025-12-08T12:34:23+01:00,diode_test_453_files_1765193657,136,56.19,5.465128e-02,true,R(QR),nelder-mead,7.497348e+02,6.086367e-05,1.000000e+00,5.405010e+03,,,,,,
2025-12-08T12:34:23+01:00,diode_test_453_files_1765193657,137,66.80,5.597036e-02,true,R(QR),nelder-mead,7.498026e+02,6.082161e-05,1.000000e+00,5.405347e+03,,,,,,
2025-12-08T12:34:23+01:00,diode_test_453_files_1765193657,138,65.28,5.730947e-02,true,R(QR),nelder-mead,7.499708e+02,6.077706e-05,1.000000e+00,5.405264e+03,,,,,,
2025-12-08T12:34:23+01:00,diode_test_453_files_1765193657,139,52.64,5.870365e-02,true,R(QR),nelder-mead,7.499600e+02,6.073862e-05,1.000000e+00,5.405096e+03,,,,,,
2025-12-08T12:34:23+01:00,diode_test_453_files_1765193657,140,86.59,6.015174e-02,true,R(QR),nelder-mead,7.499295e+02,6.071250e-05,1.000000e+00,5.404365e+03,,,,,,
2025-12-08T12:34:23+01:00,diode_test_453_files_1765193657,141,96.60,6.165798e-02,true,R(QR),nelder-mead,7.499484e+02,6.070564e-05,1.000000e+00,5.402977e+03,,,,,,
2025-12-08T12:34:23+01:00,diode_test_453_files_1765193657,142,106.64,6.321466e-02,true,R(QR),nelder-mead,7.498944e+02,6.068453e-05,1.000000e+00,5.401810e+03,,,,,,
2025-12-08T12:34:23+01:00,diode_test_453_files_1765193657,143,113.29,6.481846e-02,true,R(QR),nelder-mead,7.497977e+02,6.070226e-05,1.000000e+00,5.399410e+03,,,,,,
2025-12-08T12:34:23+01:00,diode_test_453_files_1765193657,144,78.70,6.646480e-02,true,R(QR),nelder-mead,7.497610e+02,6.070594e-05,1.000000e+00,5.396421e+03,,,,,,
2025-12-08T12:34:23+01:00,diode_test_453_files_1765193657,145,82.83,6.819325e-02,true,R(QR),nelder-mead,7.496358e+02,6.073772e-05,1.000000e+00,5.393215e+03,,,,,,
2025-12-08T12:34:23+01:00,diode_test_453_files_1765193657,146,104.46,6.995443e-02,true,R(QR),nelder-mead,7.495620e+02,6.078543e-05,1.000000e+00,5.389104e+03,,,,,,
2025-12-08T12:34:23+01:00,diode_test_453_files_1765193657,147,113.95,7.179689e-02,true,R(QR),nelder-mead,7.494320e+02,6.081190e-05,1.000000e+00,5.384723e+03,,,,,,
2025-12-08T12:34:23+01:00,diode_test_453_files_1765193657,148,138.80,7.366701e-02,true,R(QR),nelder-mead,7.492551e+02,6.088078e-05,1.000000e+00,5.379604e+03,,,,,,
2025-12-08T12:34:23+01:00,diode_test_453_files_1765193657,149,91.30,7.561205e-02,true,R(QR),nelder-mead,7.492686e+02,6.094673e-05,1.000000e+00,5.373610e+03,,,,,,
2025-12-08T12:34:23+01:00,diode_test_453_files_1765193657,150,68.35,7.761466e-02,true,R(QR),nelder-mead,7.491102e+02,6.102603e-05,1.000000e+00,5.367045e+03,,,,,,
2025-12-08T12:34:23+01:00,diode_test_453_files_1765193657,151,62.64,7.962190e-02,true,R(QR),nelder-mead,7.489721e+02,6.111998e-05,1.000000e+00,5.359976e+03,,,,,,
2025-12-08T12:34:23+01:00,diode_test_453_files_1765193657,152,61.54,8.177557e-02,true,R(QR),nelder-mead,7.487440e+02,6.123130e-05,1.000000e+00,5.351642e+03,,,,,,
2025-12-08T12:34:23+01:00,diode_test_453_files_1765193657,153,45.25,8.394173e-02,true,R(QR),nelder-mead,7.485633e+02,6.133523e-05,1.000000e+00,5.343473e+03,,,,,,
2025-12-08T12:34:23+01:00,diode_test_453_files_1765193657,154,54.92,8.616308e-02,true,R(QR),nelder-mead,7.483230e+02,6.146135e-05,1.000000e+00,5.334223e+03,,,,,,
2025-12-08T12:34:23+01:00,diode_test_453_files_1765193657,155,68.26,8.842777e-02,true,R(QR),nelder-mead,7.480442e+02,6.159689e-05,1.000000e+00,5.324232e+03,,,,,,
2025-12-08T12:34:23+01:00,diode_test_453_files_1765193657,156,59.21,9.079537e-02,true,R(QR),nelder-mead,7.477240e+02,6.175361e-05,1.000000e+00,5.313145e+03,,,,,,
2025-12-08T12:34:23+01:00,diode_test_453_files_1765193657,157,63.94,9.314907e-02,true,R(QR),nelder-mead,7.475088e+02,6.192880e-05,1.000000e+00,5.301629e+03,,,,,,
2025-12-08T12:34:23+01:00,diode_test_453_files_1765193657,158,85.56,9.555914e-02,true,R(QR),nelder-mead,7.471972e+02,6.210642e-05,1.000000e+00,5.289392e+03,,,,,,
2025-12-08T12:34:23+01:00,diode_test_453_files_1765193657,159,70.24,9.802595e-02,true,R(QR),nelder-mead,7.468933e+02,6.229771e-05,1.000000e+00,5.276391e+03,,,,,,
2025-12-08T12:34:23+01:00,diode_test_453_files_1765193657,160,79.62,1.005225e-01,true,R(QR),nelder-mead,7.465724e+02,6.250213e-05,1.000000e+00,5.262812e+03,,,,,,
2025-12-08T12:34:23+01:00,diode_test_453_files_1765193657,161,67.73,1.030988e-01,true,R(QR),nelder-mead,7.461089e+02,6.273137e-05,1.000000e+00,5.247965e+03,,,,,,
2025-12-08T12:34:23+01:00,diode_test_453_files_1765193657,162,63.55,1.056874e-01,true,R(QR),nelder-mead,7.458877e+02,6.296216e-05,1.000000e+00,5.232715e+03,,,,,,
2025-12-08T12:34:23+01:00,diode_test_453_files_1765193657,163,65.63,1.083355e-01,true,R(QR),nelder-mead,7.453994e+02,6.318135e-05,1.000000e+00,5.217500e+03,,,,,,
2025-12-08T12:34:23+01:00,diode_test_453_files_1765193657,164,68.59,1.109834e-01,true,R(QR),nelder-mead,7.450040e+02,6.344658e-05,1.000000e+00,5.200722e+03,,,,,,
2025-12-08T12:34:23+01:00,diode_test_453_files_1765193657,165,66.09,1.136397e-01,true,R(QR),nelder-mead,7.445384e+02,6.370204e-05,1.000000e+00,5.183726e+03,,,,,,
2025-12-08T12:34:23+01:00,diode_test_453_files_1765193657,166,47.12,1.163413e-01,true,R(QR),nelder-mead,7.442423e+02,6.397534e-05,1.000000e+00,5.166162e+03,,,,,,
2025-12-08T12:34:23+01:00,diode_test_453_files_1765193657,167,77.94,1.190357e-01,true,R(QR),nelder-mead,7.437310e+02,6.424976e-05,1.000000e+00,5.148524e+03,,,,,,
2025-12-08T12:34:23+01:00,diode_test_453_files_1765193657,168,72.26,1.217629e-01,true,R(QR),nelder-mead,7.432751e+02,6.455400e-05,1.000000e+00,5.129938e+03,,,,,,
2025-12-08T12:34:23+01:00,diode_test_453_files_1765193657,169,46.17,1.244640e-01,true,R(QR),nelder-mead,7.428868e+02,6.482605e-05,1.000000e+00,5.111116e+03,,,,,,
2025-12-08T12:34:23+01:00,diode_test_453_files_1765193657,170,67.19,1.271642e-01,true,R(QR),nelder-mead,7.423747e+02,6.513115e-05,1.000000e+00,5.092298e+03,,,,,,
2025-12-08T12:34:23+01:00,diode_test_453_files_1765193657,171,105.15,1.298820e-01,true,R(QR),nelder-mead,7.418901e+02,6.544586e-05,1.000000e+00,5.072553e+03,,,,,,
2025-12-08T12:34:23+01:00,diode_test_453_files_1765193657,172,87.82,1.325778e-01,true,R(QR),nelder-mead,7.413674e+02,6.576697e-05,1.000000e+00,5.052870e+03,,,,,,
2025-12-08T12:34:23+01:00,diode_test_453_files_1765193657,173,106.42,1.352449e-01,true,R(QR),nelder-mead,7.408121e+02,6.607589e-05,1.000000e+00,5.033115e+03,,,,,,
2025-12-08T12:34:23+01:00,diode_test_453_files_1765193657,174,127.18,1.378816e-01,true,R(QR),nelder-mead,7.402988e+02,6.639225e-05,1.000000e+00,5.013298e+03,,,,,,
2025-12-08T12:34:23+01:00,diode_test_453_files_1765193657,175,116.99,1.404823e-01,true,R(QR),nelder-mead,7.398365e+02,6.672398e-05,1.000000e+00,4.993469e+03,,,,,,
2025-12-08T12:34:23+01:00,diode_test_453_files_1765193657,176,99.53,1.430524e-01,true,R(QR),nelder-mead,7.392823e+02,6.700689e-05,1.000000e+00,4.973652e+03,,,,,,
2025-12-08T12:34:23+01:00,diode_test_453_files_1765193657,177,67.90,1.456101e-01,true,R(QR),nelder-mead,7.387154e+02,6.736184e-05,1.000000e+00,4.953789e+03,,,,,,
2025-12-08T12:34:23+01:00,diode_test_453_files_1765193657,178,51.47,1.480841e-01,true,R(QR),nelder-mead,7.383256e+02,6.767659e-05,1.000000e+00,4.934049e+03,,,,,,
2025-12-08T12:34:23+01:00,diode_test_453_files_1765193657,179,72.31,1.505445e-01,true,R(QR),nelder-mead,7.376509e+02,6.799667e-05,1.000000e+00,4.914818e+03,,,,,,
2025-12-08T12:34:23+01:00,diode_test_453_files_1765193657,180,61.19,1.529126e-01,true,R(QR),nelder-mead,7.372391e+02,6.831599e-05,1.000000e+00,4.895401e+03,,,,,,
2025-12-08T12:34:23+01:00,diode_test_453_files_1765193657,181,69.47,1.552234e-01,true,R(QR),nelder-mead,7.367467e+02,6.862121e-05,1.000000e+00,4.876784e+03,,,,,,
2025-12-08T12:34:23+01:00,diode_test_453_files_1765193657,182,59.24,1.574787e-01,true,R(QR),nelder-mead,7.362024e+02,6.891308e-05,1.000000e+00,4.858376e+03,,,,,,
2025-12-08T12:34:23+01:00,diode_test_453_files_1765193657,183,74.17,1.596801e-01,true,R(QR),nelder-mead,7.358977e+02,6.920943e-05,1.000000e+00,4.840054e+03,,,,,,
2025-12-08T12:34:23+01:00,diode_test_453_files_1765193657,184,124.25,1.618072e-01,true,R(QR),nelder-mead,7.353274e+02,6.951052e-05,1.000000e+00,4.822620e+03,,,,,,
2025-12-08T12:34:23+01:00,diode_test_453_files_1765193657,185,64.12,1.638423e-01,true,R(QR),nelder-mead,7.349402e+02,6.978317e-05,1.000000e+00,4.805706e+03,,,,,,
2025-12-08T12:34:23+01:00,diode_test_453_files_1765193657,186,66.55,1.658273e-01,true,R(QR),nelder-mead,7.345220e+02,7.006739e-05,1.000000e+00,4.788630e+03,,,,,,
2025-12-08T12:34:23+01:00,diode_test_453_files_1765193657,187,96.11,1.677080e-01,true,R(QR),nelder-mead,7.342040e+02,7.032821e-05,1.000000e+00,4.772642e+03,,,,,,
2025-12-08T12:34:23+01:00,diode_test_453_files_1765193657,188,66.80,1.695158e-01,true,R(QR),nelder-mead,7.337359e+02,7.060003e-05,1.000000e+00,4.757148e+03,,,,,,
2025-12-08T12:34:23+01:00,diode_test_453_files_1765193657,189,52.57,1.712827e-01,true,R(QR),nelder-mead,7.332693e+02,7.086383e-05,1.000000e+00,4.742147e+03,,,,,,
2025-12-08T12:34:23+01:00,diode_test_453_files_1765193657,190,57.68,1.729596e-01,true,R(QR),nelder-mead,7.329771e+02,7.106063e-05,1.000000e+00,4.727488e+03,,,,,,
2025-12-08T12:34:23+01:00,diode_test_453_files_1765193657,191,92.26,1.745592e-01,true,R(QR),nelder-mead,7.325999e+02,7.131649e-05,1.000000e+00,4.713855e+03,,,,,,
2025-12-08T12:34:23+01:00,diode_test_453_files_1765193657,192,62.89,1.760505e-01,true,R(QR),nelder-mead,7.321454e+02,7.154249e-05,1.000000e+00,4.701020e+03,,,,,,
2025-12-08T12:34:23+01:00,diode_test_453_files_1765193657,193,97.77,1.774790e-01,true,R(QR),nelder-mead,7.319367e+02,7.174298e-05,1.000000e+00,4.688540e+03,,,,,,
2025-12-08T12:34:23+01:00,diode_test_453_files_1765193657,194,89.77,1.789133e-01,true,R(QR),nelder-mead,7.316824e+02,7.196751e-05,1.000000e+00,4.675784e+03,,,,,,
2025-12-08T12:34:23+01:00,diode_test_453_files_1765193657,195,78.43,1.801953e-01,true,R(QR),nelder-mead,7.312200e+02,7.215927e-05,1.000000e+00,4.664615e+03,,,,,,
2025-12-08T12:34:23+01:00,diode_test_453_files_1765193657,196,92.25,1.814274e-01,true,R(QR),nelder-mead,7.310058e+02,7.234500e-05,1.000000e+00,4.653545e+03,,,,,,
2025-12-08T12:34:23+01:00,diode_test_453_files_1765193657,197,84.88,1.826008e-01,true,R(QR),nelder-mead,7.307350e+02,7.251095e-05,1.000000e+00,4.643286e+03,,,,,,
2025-12-08T12:34:23+01:00,diode_test_453_files_1765193657,198,74.77,1.837101e-01,true,R(QR),nelder-mead,7.305135e+02,7.269051e-05,1.000000e+00,4.633481e+03,,,,,,
2025-12-08T12:34:23+01:00,diode_test_453_files_1765193657,199,75.75,1.847452e-01,true,R(QR),nelder-mead,7.302083e+02,7.284443e-05,1.000000e+00,4.624434e+03,,,,,,
2025-12-08T12:34:23+01:00,diode_test_453_files_1765193657,200,58.48,1.857157e-01,true,R(QR),nelder-mead,7.298717e+02,7.297807e-05,1.000000e+00,4.615912e+03,,,,,,
2025-12-08T12:34:23+01:00,diode_test_453_files_1765193657,201,80.94,1.866622e-01,true,R(QR),nelder-mead,7.295918e+02,7.313378e-05,1.000000e+00,4.607705e+03,,,,,,
2025-12-08T12:34:23+01:00,diode_test_453_files_1765193657,202,82.58,1.875201e-01,true,R(QR),nelder-mead,7.294634e+02,7.325729e-05,1.000000e+00,4.600099e+03,,,,,,
2025-12-08T12:34:23+01:00,diode_test_453_files_1765193657,203,71.66,1.883321e-01,true,R(QR),nelder-mead,7.292992e+02,7.337924e-05,1.000000e+00,4.592937e+03,,,,,,
2025-12-08T12:34:23+01:00,diode_test_453_files_1765193657,204,65.33,1.890886e-01,true,R(QR),nelder-mead,7.291310e+02,7.349963e-05,1.000000e+00,4.585971e+03,,,,,,
2025-12-08T12:34:23+01:00,diode_test_453_files_1765193657,205,55.67,1.898287e-01,true,R(QR),nelder-mead,7.289403e+02,7.361818e-05,1.000000e+00,4.579401e+03,,,,,,
2025-12-08T12:34:23+01:00,diode_test_453_files_1765193657,206,55.86,1.904539e-01,true,R(QR),nelder-mead,7.287878e+02,7.371871e-05,1.000000e+00,4.573677e+03,,,,,,
2025-12-08T12:34:23+01:00,diode_test_453_files_1765193657,207,84.61,1.910863e-01,true,R(QR),nelder-mead,7.285989e+02,7.380849e-05,1.000000e+00,4.568237e+03,,,,,,
2025-12-08T12:34:23+01:00,diode_test_453_files_1765193657,208,68.89,1.916583e-01,true,R(QR),nelder-mead,7.284315e+02,7.389485e-05,1.000000e+00,4.563101e+03,,,,,,
2025-12-08T12:34:23+01:00,diode_test_453_files_1765193657,209,73.50,1.921992e-01,true,R(QR),nelder-mead,7.282778e+02,7.399159e-05,1.000000e+00,4.558193e+03,,,,,,
2025-12-08T12:34:23+01:00,diode_test_453_files_1765193657,210,52.44,1.926846e-01,true,R(QR),nelder-mead,7.281629e+02,7.406049e-05,1.000000e+00,4.553880e+03,,,,,,
2025-12-08T12:34:23+01:00,diode_test_453_files_1765193657,211,81.98,1.931721e-01,true,R(QR),nelder-mead,7.279769e+02,7.413314e-05,1.000000e+00,4.549544e+03,,,,,,
2025-12-08T12:34:23+01:00,diode_test_453_files_1765193657,212,74.85,1.935966e-01,true,R(QR),nelder-mead,7.279201e+02,7.419774e-05,1.000000e+00,4.545731e+03,,,,,,
2025-12-08T12:34:23+01:00,diode_test_453_files_1765193657,213,68.24,1.940032e-01,true,R(QR),nelder-mead,7.278356e+02,7.424941e-05,1.000000e+00,4.542244e+03,,,,,,
2025-12-08T12:34:23+01:00,diode_test_453_files_1765193657,214,63.54,1.943785e-01,true,R(QR),nelder-mead,7.277374e+02,7.432096e-05,1.000000e+00,4.538766e+03,,,,,,
2025-12-08T12:34:23+01:00,diode_test_453_files_1765193657,215,63.93,1.947481e-01,true,R(QR),nelder-mead,7.276359e+02,7.436911e-05,1.000000e+00,4.535830e+03,,,,,,
2025-12-08T12:34:23+01:00,diode_test_453_files_1765193657,216,79.05,1.950424e-01,true,R(QR),nelder-mead,7.275558e+02,7.440709e-05,1.000000e+00,4.533192e+03,,,,,,
2025-12-08T12:34:23+01:00,diode_test_453_files_1765193657,217,67.31,1.953743e-01,true,R(QR),nelder-mead,7.274709e+02,7.444451e-05,1.000000e+00,4.530514e+03,,,,,,
2025-12-08T12:34:23+01:00,diode_test_453_files_1765193657,218,70.92,1.956375e-01,true,R(QR),nelder-mead,7.274343e+02,7.449517e-05,1.000000e+00,4.528164e+03,,,,,,
2025-12-08T12:34:23+01:00,diode_test_453_files_1765193657,219,67.36,1.959056e-01,true,R(QR),nelder-mead,7.273860e+02,7.452599e-05,1.000000e+00,4.525773e+03,,,,,,
2025-12-08T12:34:23+01:00,diode_test_453_files_1765193657,220,72.19,1.961837e-01,true,R(QR),nelder-mead,7.274041e+02,7.455764e-05,1.000000e+00,4.523593e+03,,,,,,
2025-12-08T12:34:23+01:00,diode_test_453_files_1765193657,221,81.72,1.964555e-01,true,R(QR),nelder-mead,7.273473e+02,7.458840e-05,1.000000e+00,4.521380e+03,,,,,,
2025-12-08T12:34:23+01:00,diode_test_453_files_1765193657,222,37.53,1.966711e-01,true,R(QR),nelder-mead,7.273819e+02,7.461905e-05,1.000000e+00,4.519732e+03,,,,,,
2025-12-08T12:34:23+01:00,diode_test_453_files_1765193657,223,78.53,1.968594e-01,true,R(QR),nelder-mead,7.273798e+02,7.464893e-05,1.000000e+00,4.517835e+03,,,,,,
2025-12-08T12:34:23+01:00,diode_test_453_files_1765193657,224,61.63,1.970601e-01,true,R(QR),nelder-mead,7.273598e+02,7.466579e-05,1.000000e+00,4.516259e+03,,,,,,
2025-12-08T12:34:23+01:00,diode_test_453_files_1765193657,225,79.16,1.972596e-01,true,R(QR),nelder-mead,7.272912e+02,7.469223e-05,1.000000e+00,4.514717e+03,,,,,,
2025-12-08T12:34:23+01:00,diode_test_453_files_1765193657,226,34.99,1.974890e-01,true,R(QR),nelder-mead,7.272236e+02,7.471035e-05,1.000000e+00,4.513083e+03,,,,,,
2025-12-08T12:34:23+01:00,diode_test_453_files_1765193657,227,66.76,1.976505e-01,true,R(QR),nelder-mead,7.272389e+02,7.472734e-05,1.000000e+00,4.511817e+03,,,,,,
2025-12-08T12:34:23+01:00,diode_test_453_files_1765193657,228,51.38,1.978158e-01,true,R(QR),nelder-mead,7.271874e+02,7.474448e-05,1.000000e+00,4.510515e+03,,,,,,
2025-12-08T12:34:23+01:00,diode_test_453_files_1765193657,229,66.31,1.979938e-01,true,R(QR),nelder-mead,7.271601e+02,7.474872e-05,1.000000e+00,4.509405e+03,,,,,,
2025-12-08T12:34:23+01:00,diode_test_453_files_1765193657,230,80.30,1.981670e-01,true,R(QR),nelder-mead,7.271472e+02,7.477558e-05,1.000000e+00,4.507947e+03,,,,,,
2025-12-08T12:34:23+01:00,diode_test_453_files_1765193657,231,82.88,1.983019e-01,true,R(QR),nelder-mead,7.271323e+02,7.478557e-05,1.000000e+00,4.506927e+03,,,,,,
2025-12-08T12:34:23+01:00,diode_test_453_files_1765193657,232,87.64,1.984663e-01,true,R(QR),nelder-mead,7.271009e+02,7.479773e-05,1.000000e+00,4.505771e+03,,,,,,
2025-12-08T12:34:23+01:00,diode_test_453_files_1765193657,233,68.21,1.986371e-01,true,R(QR),nelder-mead,7.270398e+02,7.480286e-05,1.000000e+00,4.504700e+03,,,,,,
2025-12-08T12:34:23+01:00,diode_test_453_files_1765193657,234,72.55,1.987714e-01,true,R(QR),nelder-mead,7.269781e+02,7.482399e-05,1.000000e+00,4.503828e+03,,,,,,
2025-12-08T12:34:23+01:00,diode_test_453_files_1765193657,235,88.27,1.989159e-01,true,R(QR),nelder-mead,7.269175e+02,7.481679e-05,1.000000e+00,4.503053e+03,,,,,,
2025-12-08T12:34:23+01:00,diode_test_453_files_1765193657,236,114.89,1.991125e-01,true,R(QR),nelder-mead,7.268912e+02,7.482867e-05,1.000000e+00,4.501928e+03,,,,,,
2025-12-08T12:34:23+01:00,diode_test_453_files_1765193657,237,72.69,1.992544e-01,true,R(QR),nelder-mead,7.268483e+02,7.482743e-05,1.000000e+00,4.501242e+03,,,,,,
2025-12-08T12:34:23+01:00,diode_test_453_files_1765193657,238,85.28,1.993864e-01,true,R(QR),nelder-mead,7.267745e+02,7.483902e-05,1.000000e+00,4.500206e+03,,,,,,
2025-12-08T12:34:23+01:00,diode_test_453_files_1765193657,239,78.09,1.995394e-01,true,R(QR),nelder-mead,7.268184e+02,7.484318e-05,1.000000e+00,4.499365e+03,,,,,,
2025-12-08T12:34:23+01:00,diode_test_453_files_1765193657,240,74.29,1.996875e-01,true,R(QR),nelder-mead,7.269559e+02,7.484348e-05,1.000000e+00,4.498406e+03,,,,,,
2025-12-08T12:34:23+01:00,diode_test_453_files_1765193657,241,91.10,1.998302e-01,true,R(QR),nelder-mead,7.268952e+02,7.483924e-05,1.000000e+00,4.497794e+03,,,,,,
2025-12-08T12:34:23+01:00,diode_test_453_files_1765193657,242,69.57,1.999537e-01,true,R(QR),nelder-mead,7.269023e+02,7.484088e-05,1.000000e+00,4.497012e+03,,,,,,
2025-12-08T12:34:23+01:00,diode_test_453_files_1765193657,243,54.62,2.001061e-01,true,R(QR),nelder-mead,7.268369e+02,7.486602e-05,1.000000e+00,4.496248e+03,,,,,,
2025-12-08T12:34:23+01:00,diode_test_453_files_1765193657,244,74.15,2.002417e-01,true,R(QR),nelder-mead,7.268477e+02,7.486751e-05,1.000000e+00,4.495435e+03,,,,,,
2025-12-08T12:34:23+01:00,diode_test_453_files_1765193657,245,83.13,2.003810e-01,true,R(QR),nelder-mead,7.267872e+02,7.484470e-05,1.000000e+00,4.495071e+03,,,,,,
2025-12-08T12:34:23+01:00,diode_test_453_files_1765193657,246,49.22,2.004822e-01,true,R(QR),nelder-mead,7.268832e+02,7.485580e-05,1.000000e+00,4.494164e+03,,,,,,
2025-12-08T12:34:23+01:00,diode_test_453_files_1765193657,247,93.44,2.006113e-01,true,R(QR),nelder-mead,7.267670e+02,7.483085e-05,1.000000e+00,4.493873e+03,,,,,,
2025-12-08T12:34:23+01:00,diode_test_453_files_1765193657,248,29.02,2.006765e-01,true,R(QR),nelder-mead,7.267953e+02,7.483982e-05,1.000000e+00,4.493692e+03,,,,,,
2025-12-08T12:34:23+01:00,diode_test_453_files_1765193657,249,29.01,2.008002e-01,true,R(QR),nelder-mead,7.267840e+02,7.483143e-05,1.000000e+00,4.493118e+03,,,,,,
2025-12-08T12:34:23+01:00,diode_test_453_files_1765193657,250,72.09,2.008470e-01,true,R(QR),nelder-mead,7.267557e+02,7.482769e-05,1.000000e+00,4.493045e+03,,,,,,
2025-12-08T12:34:23+01:00,diode_test_453_files_1765193657,251,48.37,2.009291e-01,true,R(QR),nelder-mead,7.267918e+02,7.482030e-05,1.000000e+00,4.492712e+03,,,,,,
2025-12-08T12:34:23+01:00,diode_test_453_files_1765193657,252,78.14,2.009505e-01,true,R(QR),nelder-mead,7.267978e+02,7.483566e-05,1.000000e+00,4.492775e+03,,,,,,
2025-12-08T12:34:23+01:00,diode_test_453_files_1765193657,253,51.37,2.009787e-01,true,R(QR),nelder-mead,7.267401e+02,7.483300e-05,1.000000e+00,4.492437e+03,,,,,,
2025-12-08T12:34:23+01:00,diode_test_453_files_1765193657,254,72.65,2.009868e-01,true,R(QR),nelder-mead,7.267729e+02,7.481888e-05,1.000000e+00,4.492487e+03,,,,,,
2025-12-08T12:34:23+01:00,diode_test_453_files_1765193657,255,68.01,2.009308e-01,true,R(QR),nelder-mead,7.270736e+02,7.483328e-05,1.000000e+00,4.494002e+03,,,,,,
2025-12-08T12:34:23+01:00,diode_test_453_files_1765193657,256,87.57,2.008923e-01,true,R(QR),nelder-mead,7.267879e+02,7.482671e-05,1.000000e+00,4.493023e+03,,,,,,
2025-12-08T12:34:23+01:00,diode_test_453_files_1765193657,257,73.26,2.007966e-01,true,R(QR),nelder-mead,7.267871e+02,7.483118e-05,1.000000e+00,4.493856e+03,,,,,,
2025-12-08T12:34:23+01:00,diode_test_453_files_1765193657,258,67.48,2.006818e-01,true,R(QR),nelder-mead,7.269216e+02,7.480963e-05,1.000000e+00,4.494240e+03,,,,,,
2025-12-08T12:34:23+01:00,diode_test_453_files_1765193657,259,76.77,2.005501e-01,true,R(QR),nelder-mead,7.269273e+02,7.480792e-05,1.000000e+00,4.494899e+03,,,,,,
2025-12-08T12:34:23+01:00,diode_test_453_files_1765193657,260,63.82,2.003938e-01,true,R(QR),nelder-mead,7.269623e+02,7.478390e-05,1.000000e+00,4.495955e+03,,,,,,
2025-12-08T12:34:23+01:00,diode_test_453_files_1765193657,261,64.25,2.001977e-01,true,R(QR),nelder-mead,7.269374e+02,7.480249e-05,1.000000e+00,4.497016e+03,,,,,,
2025-12-08T12:34:23+01:00,diode_test_453_files_1765193657,262,79.83,2.000210e-01,true,R(QR),nelder-mead,7.269090e+02,7.480628e-05,1.000000e+00,4.498157e+03,,,,,,
2025-12-08T12:34:23+01:00,diode_test_453_files_1765193657,263,69.90,1.998504e-01,true,R(QR),nelder-mead,7.270164e+02,7.479276e-05,1.000000e+00,4.499200e+03,,,,,,
2025-12-08T12:34:23+01:00,diode_test_453_files_1765193657,264,88.04,1.996341e-01,true,R(QR),nelder-mead,7.269502e+02,7.477349e-05,1.000000e+00,4.500744e+03,,,,,,
2025-12-08T12:34:23+01:00,diode_test_453_files_1765193657,265,26.82,1.993583e-01,true,R(QR),nelder-mead,7.270030e+02,7.478290e-05,1.000000e+00,4.502371e+03,,,,,,
2025-12-08T12:34:23+01:00,diode_test_453_files_1765193657,266,68.66,1.990704e-01,true,R(QR),nelder-mead,7.270539e+02,7.472965e-05,1.000000e+00,4.504377e+03,,,,,,
2025-12-08T12:34:23+01:00,diode_test_453_files_1765193657,267,85.01,1.988067e-01,true,R(QR),nelder-mead,7.271332e+02,7.473354e-05,1.000000e+00,4.506145e+03,,,,,,
2025-12-08T12:34:23+01:00,diode_test_453_files_1765193657,268,86.22,1.984723e-01,true,R(QR),nelder-mead,7.272004e+02,7.471804e-05,1.000000e+00,4.508240e+03,,,,,,
2025-12-08T12:34:23+01:00,diode_test_453_files_1765193657,269,105.10,1.981456e-01,true,R(QR),nelder-mead,7.270926e+02,7.467803e-05,1.000000e+00,4.510785e+03,,,,,,
2025-12-08T12:34:23+01:00,diode_test_453_files_1765193657,270,86.31,1.977388e-01,true,R(QR),nelder-mead,7.273089e+02,7.465933e-05,1.000000e+00,4.513663e+03,,,,,,
2025-12-08T12:34:23+01:00,diode_test_453_files_1765193657,271,98.02,1.973277e-01,true,R(QR),nelder-mead,7.274112e+02,7.463020e-05,1.000000e+00,4.516491e+03,,,,,,
2025-12-08T12:34:23+01:00,diode_test_453_files_1765193657,272,77.44,1.968805e-01,true,R(QR),nelder-mead,7.274912e+02,7.458040e-05,1.000000e+00,4.520140e+03,,,,,,
2025-12-08T12:34:23+01:00,diode_test_453_files_1765193657,273,63.28,1.964093e-01,true,R(QR),nelder-mead,7.275886e+02,7.452595e-05,1.000000e+00,4.523488e+03,,,,,,
2025-12-08T12:34:23+01:00,diode_test_453_files_1765193657,274,85.61,1.959041e-01,true,R(QR),nelder-mead,7.277430e+02,7.447913e-05,1.000000e+00,4.527795e+03,,,,,,
2025-12-08T12:34:23+01:00,diode_test_453_files_1765193657,275,60.60,1.953027e-01,true,R(QR),nelder-mead,7.278525e+02,7.440650e-05,1.000000e+00,4.532461e+03,,,,,,
2025-12-08T12:34:23+01:00,diode_test_453_files_1765193657,276,77.14,1.946541e-01,true,R(QR),nelder-mead,7.281345e+02,7.434067e-05,1.000000e+00,4.537397e+03,,,,,,
2025-12-08T12:34:23+01:00,diode_test_453_files_1765193657,277,63.48,1.939645e-01,true,R(QR),nelder-mead,7.283047e+02,7.425290e-05,1.000000e+00,4.543095e+03,,,,,,
2025-12-08T12:34:23+01:00,diode_test_453_files_1765193657,278,70.15,1.931865e-01,true,R(QR),nelder-mead,7.285169e+02,7.416421e-05,1.000000e+00,4.549490e+03,,,,,,
2025-12-08T12:34:23+01:00,diode_test_453_files_1765193657,279,63.29,1.923649e-01,true,R(QR),nelder-mead,7.287013e+02,7.407775e-05,1.000000e+00,4.556335e+03,,,,,,
2025-12-08T12:34:23+01:00,diode_test_453_files_1765193657,280,85.44,1.914338e-01,true,R(QR),nelder-mead,7.288169e+02,7.395619e-05,1.000000e+00,4.564012e+03,,,,,,
2025-12-08T12:34:23+01:00,diode_test_453_files_1765193657,281,64.01,1.904037e-01,true,R(QR),nelder-mead,7.290789e+02,7.382238e-05,1.000000e+00,4.572776e+03,,,,,,
2025-12-08T12:34:23+01:00,diode_test_453_files_1765193657,282,92.03,1.893123e-01,true,R(QR),nelder-mead,7.292576e+02,7.367633e-05,1.000000e+00,4.582034e+03,,,,,,
2025-12-08T12:34:23+01:00,diode_test_453_files_1765193657,283,72.29,1.881049e-01,true,R(QR),nelder-mead,7.295985e+02,7.351404e-05,1.000000e+00,4.592398e+03,,,,,,
2025-12-08T12:34:23+01:00,diode_test_453_files_1765193657,284,71.12,1.867182e-01,true,R(QR),nelder-mead,7.298552e+02,7.332076e-05,1.000000e+00,4.604100e+03,,,,,,
2025-12-08T12:34:23+01:00,diode_test_453_files_1765193657,285,65.17,1.852140e-01,true,R(QR),nelder-mead,7.302630e+02,7.313916e-05,1.000000e+00,4.616363e+03,,,,,,
2025-12-08T12:34:23+01:00,diode_test_453_files_1765193657,286,61.13,1.835673e-01,true,R(QR),nelder-mead,7.305443e+02,7.290894e-05,1.000000e+00,4.630662e+03,,,,,,
2025-12-08T12:34:23+01:00,diode_test_453_files_1765193657,287,51.50,6.264530e-01,true,R(QR),nelder-mead,7.324300e+03,2.922075e-04,1.000000e-01,6.153029e+04,,,,,,
2025-12-08T12:34:23+01:00,diode_test_453_files_1765193657,288,92.78,1.796766e-01,true,R(QR),nelder-mead,7.314391e+02,7.237753e-05,1.000000e+00,4.663403e+03,,,,,,
2025-12-08T12:34:23+01:00,diode_test_453_files_1765193657,289,85.36,1.773776e-01,true,R(QR),nelder-mead,7.318822e+02,7.207905e-05,1.000000e+00,4.682743e+03,,,,,,
2025-12-08T12:34:23+01:00,diode_test_453_files_1765193657,290,70.48,1.749525e-01,true,R(QR),nelder-mead,7.324733e+02,7.173352e-05,1.000000e+00,4.703506e+03,,,,,,
2025-12-08T12:34:23+01:00,diode_test_453_files_1765193657,291,64.06,1.722196e-01,true,R(QR),nelder-mead,7.329760e+02,7.137024e-05,1.000000e+00,4.726633e+03,,,,,,
2025-12-08T12:34:23+01:00,diode_test_453_files_1765193657,292,79.35,1.691434e-01,true,R(QR),nelder-mead,7.337657e+02,7.095093e-05,1.000000e+00,4.752556e+03,,,,,,
2025-12-08T12:34:23+01:00,diode_test_453_files_1765193657,293,108.04,1.657750e-01,true,R(QR),nelder-mead,7.344903e+02,7.049827e-05,1.000000e+00,4.780135e+03,,,,,,
2025-12-08T12:34:23+01:00,diode_test_453_files_1765193657,294,91.83,1.621201e-01,true,R(QR),nelder-mead,7.353690e+02,7.001121e-05,1.000000e+00,4.809878e+03,,,,,,
2025-12-08T12:34:23+01:00,diode_test_453_files_1765193657,295,86.98,1.581028e-01,true,R(QR),nelder-mead,7.361730e+02,6.949746e-05,1.000000e+00,4.842292e+03,,,,,,
2025-12-08T12:34:23+01:00,diode_test_453_files_1765193657,296,61.96,1.536706e-01,true,R(QR),nelder-mead,7.370805e+02,6.893760e-05,1.000000e+00,4.877742e+03,,,,,,
2025-12-08T12:34:23+01:00,diode_test_453_files_1765193657,297,71.00,1.488399e-01,true,R(QR),nelder-mead,7.381268e+02,6.832558e-05,1.000000e+00,4.915443e+03,,,,,,
2025-12-08T12:34:23+01:00,diode_test_453_files_1765193657,298,67.64,1.436514e-01,true,R(QR),nelder-mead,7.390768e+02,6.767521e-05,1.000000e+00,4.955790e+03,,,,,,
2025-12-08T12:34:23+01:00,diode_test_453_files_1765193657,299,57.39,1.380405e-01,true,R(QR),nelder-mead,7.401798e+02,6.700984e-05,1.000000e+00,4.997988e+03,,,,,,
2025-12-08T12:34:23+01:00,diode_test_453_files_1765193657,300,95.91,1.320578e-01,true,R(QR),nelder-mead,7.412840e+02,6.632770e-05,1.000000e+00,5.041778e+03,,,,,,
2025-12-08T12:34:23+01:00,diode_test_453_files_1765193657,301,75.19,1.257029e-01,true,R(QR),nelder-mead,7.424195e+02,6.562487e-05,1.000000e+00,5.086495e+03,,,,,,
2025-12-08T12:34:23+01:00,diode_test_453_files_1765193657,302,84.26,1.191080e-01,true,R(QR),nelder-mead,7.435806e+02,6.493658e-05,1.000000e+00,5.131666e+03,,,,,,
2025-12-08T12:34:23+01:00,diode_test_453_files_1765193657,303,74.76,1.122381e-01,true,R(QR),nelder-mead,7.446936e+02,6.425255e-05,1.000000e+00,5.175731e+03,,,,,,
2025-12-08T12:34:23+01:00,diode_test_453_files_1765193657,304,66.76,1.052467e-01,true,R(QR),nelder-mead,7.457517e+02,6.362272e-05,1.000000e+00,5.217668e+03,,,,,,
2025-12-08T12:34:23+01:00,diode_test_453_files_1765193657,305,65.98,9.817445e-02,true,R(QR),nelder-mead,7.468210e+02,6.304646e-05,1.000000e+00,5.256855e+03,,,,,,
2025-12-08T12:34:23+01:00,diode_test_453_files_1765193657,306,70.30,9.119062e-02,true,R(QR),nelder-mead,7.476053e+02,6.254354e-05,1.000000e+00,5.292161e+03,,,,,,
2025-12-08T12:34:23+01:00,diode_test_453_files_1765193657,307,49.31,8.434644e-02,true,R(QR),nelder-mead,7.483652e+02,6.212815e-05,1.000000e+00,5.322628e+03,,,,,,
2025-12-08T12:34:23+01:00,diode_test_453_files_1765193657,308,60.70,7.769726e-02,true,R(QR),nelder-mead,7.489078e+02,6.181690e-05,1.000000e+00,5.347350e+03,,,,,,
2025-12-08T12:34:23+01:00,diode_test_453_files_1765193657,309,56.89,7.139845e-02,true,R(QR),nelder-mead,7.492847e+02,6.159540e-05,1.000000e+00,5.366668e+03,,,,,,
2025-12-08T12:34:23+01:00,diode_test_453_files_1765193657,310,53.33,6.545856e-02,true,R(QR),nelder-mead,7.496591e+02,6.149497e-05,1.000000e+00,5.379696e+03,,,,,,
2025-12-08T12:34:23+01:00,diode_test_453_files_1765193657,311,58.29,5.996035e-02,true,R(QR),nelder-mead,7.498269e+02,6.152995e-05,1.000000e+00,5.386054e+03,,,,,,
2025-12-08T12:34:23+01:00,diode_test_453_files_1765193657,312,48.19,5.486452e-02,true,R(QR),nelder-mead,7.497078e+02,6.164416e-05,1.000000e+00,5.387038e+03,,,,,,
2025-12-08T12:34:23+01:00,diode_test_453_files_1765193657,313,54.24,5.027668e-02,true,R(QR),nelder-mead,7.497298e+02,6.188510e-05,1.000000e+00,5.381945e+03,,,,,,
2025-12-08T12:34:23+01:00,diode_test_453_files_1765193657,314,53.25,4.612153e-02,true,R(QR),nelder-mead,7.493443e+02,6.220864e-05,1.000000e+00,5.372607e+03,,,,,,
2025-12-08T12:34:23+01:00,diode_test_453_files_1765193657,315,54.22,4.245379e-02,true,R(QR),nelder-mead,7.489569e+02,6.259786e-05,1.000000e+00,5.359552e+03,,,,,,
2025-12-08T12:34:23+01:00,diode_test_453_files_1765193657,316,48.71,3.919803e-02,true,R(QR),nelder-mead,7.484519e+02,6.310648e-05,1.000000e+00,5.342448e+03,,,,,,
2025-12-08T12:34:23+01:00,diode_test_453_files_1765193657,317,44.98,3.634851e-02,true,R(QR),nelder-mead,7.478804e+02,6.363005e-05,1.000000e+00,5.323330e+03,,,,,,
2025-12-08T12:34:23+01:00,diode_test_453_files_1765193657,318,49.30,3.383584e-02,true,R(QR),nelder-mead,7.473086e+02,6.423375e-05,1.000000e+00,5.302292e+03,,,,,,
2025-12-08T12:34:23+01:00,diode_test_453_files_1765193657,319,63.78,3.165731e-02,true,R(QR),nelder-mead,7.466191e+02,6.485612e-05,1.000000e+00,5.280149e+03,,,,,,
2025-12-08T12:34:23+01:00,diode_test_453_files_1765193657,320,46.11,2.973076e-02,true,R(QR),nelder-mead,7.460415e+02,6.554713e-05,1.000000e+00,5.256428e+03,,,,,,
2025-12-08T12:34:23+01:00,diode_test_453_files_1765193657,321,54.83,2.806584e-02,true,R(QR),nelder-mead,7.454638e+02,6.622173e-05,1.000000e+00,5.232892e+03,,,,,,
2025-12-08T12:34:23+01:00,diode_test_453_files_1765193657,322,60.94,2.660255e-02,true,R(QR),nelder-mead,7.447765e+02,6.691443e-05,1.000000e+00,5.209901e+03,,,,,,
2025-12-08T12:34:23+01:00,diode_test_453_files_1765193657,323,65.30,2.531175e-02,true,R(QR),nelder-mead,7.441656e+02,6.761538e-05,1.000000e+00,5.186198e+03,,,,,,
2025-12-08T12:34:23+01:00,diode_test_453_files_1765193657,324,57.13,2.422256e-02,true,R(QR),nelder-mead,7.435111e+02,6.833132e-05,1.000000e+00,5.163251e+03,,,,,,
2025-12-08T12:34:23+01:00,diode_test_453_files_1765193657,325,61.41,2.327790e-02,true,R(QR),nelder-mead,7.427560e+02,6.902725e-05,1.000000e+00,5.140860e+03,,,,,,
2025-12-08T12:34:23+01:00,diode_test_453_files_1765193657,326,55.13,2.244000e-02,true,R(QR),nelder-mead,7.422298e+02,6.969363e-05,1.000000e+00,5.118983e+03,,,,,,
2025-12-08T12:34:23+01:00,diode_test_453_files_1765193657,327,50.52,2.171658e-02,true,R(QR),nelder-mead,7.416780e+02,7.040402e-05,1.000000e+00,5.097769e+03,,,,,,
2025-12-08T12:34:23+01:00,diode_test_453_files_1765193657,328,67.70,2.107370e-02,true,R(QR),nelder-mead,7.411161e+02,7.107583e-05,1.000000e+00,5.076999e+03,,,,,,
2025-12-08T12:34:23+01:00,diode_test_453_files_1765193657,329,59.27,2.053085e-02,true,R(QR),nelder-mead,7.406129e+02,7.170628e-05,1.000000e+00,5.057763e+03,,,,,,
2025-12-08T12:34:23+01:00,diode_test_453_files_1765193657,330,53.91,2.002812e-02,true,R(QR),nelder-mead,7.400545e+02,7.238349e-05,1.000000e+00,5.038319e+03,,,,,,
2025-12-08T12:34:23+01:00,diode_test_453_files_1765193657,331,47.63,1.960213e-02,true,R(QR),nelder-mead,7.396366e+02,7.299976e-05,1.000000e+00,5.020333e+03,,,,,,
2025-12-08T12:34:23+01:00,diode_test_453_files_1765193657,332,49.33,1.921377e-02,true,R(QR),nelder-mead,7.392725e+02,7.361141e-05,1.000000e+00,5.002638e+03,,,,,,
2025-12-08T12:34:23+01:00,diode_test_453_files_1765193657,333,63.52,1.887125e-02,true,R(QR),nelder-mead,7.388105e+02,7.423093e-05,1.000000e+00,4.985514e+03,,,,,,
2025-12-08T12:34:23+01:00,diode_test_453_files_1765193657,334,53.94,1.857801e-02,true,R(QR),nelder-mead,7.383931e+02,7.478429e-05,1.000000e+00,4.969868e+03,,,,,,
2025-12-08T12:34:23+01:00,diode_test_453_files_1765193657,335,49.67,1.832005e-02,true,R(QR),nelder-mead,7.380115e+02,7.535486e-05,1.000000e+00,4.954368e+03,,,,,,
2025-12-08T12:34:23+01:00,diode_test_453_files_1765193657,336,52.99,1.808393e-02,true,R(QR),nelder-mead,7.375117e+02,7.585181e-05,1.000000e+00,4.940236e+03,,,,,,
2025-12-08T12:34:23+01:00,diode_test_453_files_1765193657,337,46.87,1.788354e-02,true,R(QR),nelder-mead,7.372644e+02,7.638227e-05,1.000000e+00,4.926201e+03,,,,,,
2025-12-08T12:34:23+01:00,diode_test_453_files_1765193657,338,51.15,1.771643e-02,true,R(QR),nelder-mead,7.367959e+02,7.689405e-05,1.000000e+00,4.912873e+03,,,,,,
2025-12-08T12:34:23+01:00,diode_test_453_files_1765193657,339,41.35,1.755208e-02,true,R(QR),nelder-mead,7.364358e+02,7.735632e-05,1.000000e+00,4.900354e+03,,,,,,
2025-12-08T12:34:23+01:00,diode_test_453_files_1765193657,340,48.79,1.740807e-02,true,R(QR),nelder-mead,7.361519e+02,7.782714e-05,1.000000e+00,4.888020e+03,,,,,,
2025-12-08T12:34:23+01:00,diode_test_453_files_1765193657,341,49.37,1.727498e-02,true,R(QR),nelder-mead,7.358160e+02,7.829373e-05,1.000000e+00,4.876048e+03,,,,,,
2025-12-08T12:34:23+01:00,diode_test_453_files_1765193657,342,48.34,1.716158e-02,true,R(QR),nelder-mead,7.353933e+02,7.871713e-05,1.000000e+00,4.865172e+03,,,,,,
2025-12-08T12:34:23+01:00,diode_test_453_files_1765193657,343,51.07,1.705598e-02,true,R(QR),nelder-mead,7.351947e+02,7.913898e-05,1.000000e+00,4.854396e+03,,,,,,
2025-12-08T12:34:23+01:00,diode_test_453_files_1765193657,344,45.76,1.696479e-02,true,R(QR),nelder-mead,7.349056e+02,7.952533e-05,1.000000e+00,4.844200e+03,,,,,,
2025-12-08T12:34:23+01:00,diode_test_453_files_1765193657,345,54.30,1.688875e-02,true,R(QR),nelder-mead,7.346865e+02,7.993794e-05,1.000000e+00,4.834571e+03,,,,,,
2025-12-08T12:34:23+01:00,diode_test_453_files_1765193657,346,60.72,1.682250e-02,true,R(QR),nelder-mead,7.343340e+02,8.032130e-05,1.000000e+00,4.825077e+03,,,,,,
2025-12-08T12:34:23+01:00,diode_test_453_files_1765193657,347,47.12,1.675387e-02,true,R(QR),nelder-mead,7.342129e+02,8.068667e-05,1.000000e+00,4.815923e+03,,,,,,
2025-12-08T12:34:23+01:00,diode_test_453_files_1765193657,348,55.42,1.668916e-02,true,R(QR),nelder-mead,7.339639e+02,8.103973e-05,1.000000e+00,4.807460e+03,,,,,,
2025-12-08T12:34:23+01:00,diode_test_453_files_1765193657,349,46.71,1.663533e-02,true,R(QR),nelder-mead,7.336802e+02,8.139073e-05,1.000000e+00,4.799116e+03,,,,,,
2025-12-08T12:34:23+01:00,diode_test_453_files_1765193657,350,62.27,9.759567e-02,true,R(QR),nelder-mead,5.027581e+02,6.874175e-05,9.928855e-01,5.059049e+03,,,,,,
2025-12-08T12:34:23+01:00,diode_test_453_files_1765193657,351,61.44,9.106733e-02,true,R(QR),nelder-mead,5.014406e+02,6.908396e-05,9.906210e-01,5.123116e+03,,,,,,
2025-12-08T12:34:23+01:00,diode_test_453_files_1765193657,352,57.29,8.495882e-02,true,R(QR),nelder-mead,5.003083e+02,6.977502e-05,9.929235e-01,5.125459e+03,,,,,,
2025-12-08T12:34:23+01:00,diode_test_453_files_1765193657,353,60.51,7.798403e-02,true,R(QR),nelder-mead,4.958635e+02,6.872926e-05,9.989555e-01,5.175146e+03,,,,,,
2025-12-08T12:34:23+01:00,diode_test_453_files_1765193657,354,61.24,7.140426e-02,true,R(QR),nelder-mead,4.962092e+02,6.724547e-05,1.000000e+00,5.217654e+03,,,,,,
2025-12-08T12:34:23+01:00,diode_test_453_files_1765193657,355,46.90,6.601375e-02,true,R(QR),nelder-mead,4.963187e+02,6.850738e-05,1.000000e+00,5.235408e+03,,,,,,
2025-12-08T12:34:23+01:00,diode_test_453_files_1765193657,356,59.03,6.093036e-02,true,R(QR),nelder-mead,4.969707e+02,6.697273e-05,1.000000e+00,5.263350e+03,,,,,,
2025-12-08T12:34:23+01:00,diode_test_453_files_1765193657,357,62.90,5.263244e-02,true,R(QR),nelder-mead,4.994014e+02,6.673027e-05,1.000000e+00,5.276999e+03,,,,,,
2025-12-08T12:34:23+01:00,diode_test_453_files_1765193657,358,53.83,4.863795e-02,true,R(QR),nelder-mead,4.978861e+02,6.603491e-05,1.000000e+00,5.288004e+03,,,,,,
2025-12-08T12:34:23+01:00,diode_test_453_files_1765193657,359,57.09,4.372673e-02,true,R(QR),nelder-mead,4.989018e+02,6.842919e-05,1.000000e+00,5.275861e+03,,,,,,
2025-12-08T12:34:23+01:00,diode_test_453_files_1765193657,360,60.66,3.812187e-02,true,R(QR),nelder-mead,4.989502e+02,6.857460e-05,1.000000e+00,5.291405e+03,,,,,,
2025-12-08T12:34:23+01:00,diode_test_453_files_1765193657,361,55.32,3.351600e-02,true,R(QR),nelder-mead,4.982103e+02,6.764695e-05,1.000000e+00,5.289753e+03,,,,,,
2025-12-08T12:34:23+01:00,diode_test_453_files_1765193657,362,47.55,3.171377e-02,true,R(QR),nelder-mead,4.963145e+02,6.780694e-05,1.000000e+00,5.279863e+03,,,,,,
2025-12-08T12:34:23+01:00,diode_test_453_files_1765193657,363,56.10,2.705191e-02,true,R(QR),nelder-mead,4.965880e+02,6.799836e-05,1.000000e+00,5.266243e+03,,,,,,
2025-12-08T12:34:23+01:00,diode_test_453_files_1765193657,364,50.02,2.421570e-02,true,R(QR),nelder-mead,4.975025e+02,6.854042e-05,1.000000e+00,5.257116e+03,,,,,,
2025-12-08T12:34:23+01:00,diode_test_453_files_1765193657,365,55.87,2.088287e-02,true,R(QR),nelder-mead,4.961332e+02,6.977468e-05,1.000000e+00,5.234501e+03,,,,,,
2025-12-08T12:34:23+01:00,diode_test_453_files_1765193657,366,83.82,1.872141e-02,true,R(QR),nelder-mead,4.966975e+02,6.926525e-05,1.000000e+00,5.213187e+03,,,,,,
2025-12-08T12:34:23+01:00,diode_test_453_files_1765193657,367,47.73,1.663845e-02,true,R(QR),nelder-mead,4.965940e+02,6.943287e-05,1.000000e+00,5.223061e+03,,,,,,
2025-12-08T12:34:23+01:00,diode_test_453_files_1765193657,368,47.64,1.449457e-02,true,R(QR),nelder-mead,4.966998e+02,7.161231e-05,1.000000e+00,5.188977e+03,,,,,,
2025-12-08T12:34:23+01:00,diode_test_453_files_1765193657,369,12.34,1.264920e-02,true,R(QR),nelder-mead,4.945683e+02,-3.429352e-08,1.000000e+00,5.170072e+03,,,,,,
2025-12-08T12:34:23+01:00,diode_test_453_files_1765193657,370,10.61,1.159546e-02,true,R(QR),nelder-mead,4.948922e+02,-3.426116e-08,1.000000e+00,5.146467e+03,,,,,,
2025-12-08T12:34:23+01:00,diode_test_453_files_1765193657,371,10.55,1.059403e-02,true,R(QR),nelder-mead,4.937337e+02,-3.418472e-08,1.000000e+00,5.118853e+03,,,,,,
2025-12-08T12:34:23+01:00,diode_test_453_files_1765193657,372,14.40,9.183529e-03,true,R(QR),nelder-mead,4.936580e+02,-3.409531e-08,1.000000e+00,5.106273e+03,,,,,,
2025-12-08T12:34:23+01:00,diode_test_453_files_1765193657,373,9.29,8.275324e-03,true,R(QR),nelder-mead,4.948889e+02,-3.409959e-08,1.000000e+00,5.082574e+03,,,,,,
2025-12-08T12:34:23+01:00,diode_test_453_files_1765193657,374,10.32,7.408871e-03,true,R(QR),nelder-mead,4.904700e+02,-3.401595e-08,1.000000e+00,5.066869e+03,,,,,,
2025-12-08T12:34:23+01:00,diode_test_453_files_1765193657,375,10.90,6.238679e-03,true,R(QR),nelder-mead,4.904857e+02,-3.399256e-08,1.000000e+00,5.028711e+03,,,,,,
2025-12-08T12:34:23+01:00,diode_test_453_files_1765193657,376,12.90,5.759889e-03,true,R(QR),nelder-mead,4.905678e+02,-3.384526e-08,1.000000e+00,5.019521e+03,,,,,,
2025-12-08T12:34:23+01:00,diode_test_453_files_1765193657,377,6.95,5.308881e-03,true,R(QR),nelder-mead,4.928977e+02,-3.385958e-08,1.000000e+00,5.024999e+03,,,,,,
2025-12-08T12:34:23+01:00,diode_test_453_files_1765193657,378,9.96,5.099719e-03,true,R(QR),nelder-mead,4.905039e+02,-3.392166e-08,1.000000e+00,4.983690e+03,,,,,,
2025-12-08T12:34:23+01:00,diode_test_453_files_1765193657,379,12.29,4.400526e-03,true,R(QR),nelder-mead,4.889017e+02,-3.388263e-08,1.000000e+00,4.987624e+03,,,,,,
2025-12-08T12:34:23+01:00,diode_test_453_files_1765193657,380,10.78,3.947134e-03,true,R(QR),nelder-mead,4.890167e+02,-3.381855e-08,1.000000e+00,4.968651e+03,,,,,,
2025-12-08T12:34:23+01:00,diode_test_453_files_1765193657,381,10.18,3.859607e-03,true,R(QR),nelder-mead,4.895917e+02,-3.379756e-08,1.000000e+00,4.950604e+03,,,,,,
2025-12-08T12:34:23+01:00,diode_test_453_files_1765193657,382,13.05,3.417940e-03,true,R(QR),nelder-mead,4.878681e+02,-3.378824e-08,1.000000e+00,4.955261e+03,,,,,,
2025-12-08T12:34:23+01:00,diode_test_453_files_1765193657,383,10.90,2.930116e-03,true,R(QR),nelder-mead,4.894242e+02,-3.403382e-08,1.000000e+00,4.929091e+03,,,,,,
2025-12-08T12:34:23+01:00,diode_test_453_files_1765193657,384,12.59,2.792584e-03,true,R(QR),nelder-mead,4.867370e+02,-3.393724e-08,1.000000e+00,4.932447e+03,,,,,,
2025-12-08T12:34:23+01:00,diode_test_453_files_1765193657,385,9.84,2.758850e-03,true,R(QR),nelder-mead,4.917984e+02,-3.384255e-08,1.000000e+00,4.901252e+03,,,,,,
2025-12-08T12:34:23+01:00,diode_test_453_files_1765193657,386,13.81,2.435392e-03,true,R(QR),nelder-mead,4.875141e+02,-3.357050e-08,1.000000e+00,4.904843e+03,,,,,,
2025-12-08T12:34:23+01:00,diode_test_453_files_1765193657,387,11.71,2.288107e-03,true,R(QR),nelder-mead,4.862288e+02,-3.365634e-08,1.000000e+00,4.885402e+03,,,,,,
2025-12-08T12:34:23+01:00,diode_test_453_files_1765193657,388,13.51,2.005737e-03,true,R(QR),nelder-mead,4.868227e+02,-3.356373e-08,1.000000e+00,4.883008e+03,,,,,,
2025-12-08T12:34:23+01:00,diode_test_453_files_1765193657,389,10.57,1.894609e-03,true,R(QR),nelder-mead,4.871951e+02,-3.361932e-08,1.000000e+00,4.860520e+03,,,,,,
2025-12-08T12:34:23+01:00,diode_test_453_files_1765193657,390,10.27,1.765015e-03,true,R(QR),nelder-mead,4.872050e+02,-3.356053e-08,1.000000e+00,4.860629e+03,,,,,,
2025-12-08T12:34:23+01:00,diode_test_453_files_1765193657,391,10.92,1.661691e-03,true,R(QR),nelder-mead,4.883429e+02,-3.348738e-08,1.000000e+00,4.839857e+03,,,,,,
2025-12-08T12:34:23+01:00,diode_test_453_files_1765193657,392,11.73,1.492146e-03,true,R(QR),nelder-mead,4.858937e+02,-3.349748e-08,1.000000e+00,4.842748e+03,,,,,,
2025-12-08T12:34:23+01:00,diode_test_453_files_1765193657,393,12.46,1.388301e-03,true,R(QR),nelder-mead,4.865653e+02,-3.354316e-08,1.000000e+00,4.843589e+03,,,,,,
2025-12-08T12:34:23+01:00,diode_test_453_files_1765193657,394,11.34,1.261959e-03,true,R(QR),nelder-mead,4.841532e+02,-3.345010e-08,1.000000e+00,4.829040e+03,,,,,,
2025-12-08T12:34:23+01:00,diode_test_453_files_1765193657,395,12.23,1.426708e-03,true,R(QR),nelder-mead,4.859028e+02,-3.358255e-08,1.000000e+00,4.814031e+03,,,,,,
2025-12-08T12:34:23+01:00,diode_test_453_files_1765193657,396,10.62,1.248606e-03,true,R(QR),nelder-mead,4.839274e+02,-3.339034e-08,1.000000e+00,4.804863e+03,,,,,,
2025-12-08T12:34:23+01:00,diode_test_453_files_1765193657,397,9.42,1.115488e-03,true,R(QR),nelder-mead,4.847230e+02,-3.366057e-08,1.000000e+00,4.800141e+03,,,,,,
2025-12-08T12:34:23+01:00,diode_test_453_files_1765193657,398,13.02,9.772602e-04,true,R(QR),nelder-mead,4.842313e+02,-3.329813e-08,1.000000e+00,4.801619e+03,,,,,,
2025-12-08T12:34:23+01:00,diode_test_453_files_1765193657,399,16.26,9.232044e-04,true,R(QR),nelder-mead,4.838656e+02,-3.357704e-08,1.000000e+00,4.777630e+03,,,,,,
2025-12-08T12:34:23+01:00,diode_test_453_files_1765193657,400,12.64,8.321561e-04,true,R(QR),nelder-mead,4.817977e+02,-3.319258e-08,1.000000e+00,4.772305e+03,,,,,,
2025-12-08T12:34:23+01:00,diode_test_453_files_1765193657,401,10.09,8.873238e-04,true,R(QR),nelder-mead,4.856523e+02,-3.342343e-08,1.000000e+00,4.773051e+03,,,,,,
2025-12-08T12:34:23+01:00,diode_test_453_files_1765193657,402,10.24,8.634494e-04,true,R(QR),nelder-mead,4.847431e+02,-3.337545e-08,1.000000e+00,4.759885e+03,,,,,,
2025-12-08T12:34:23+01:00,diode_test_453_files_1765193657,403,10.35,7.734025e-04,true,R(QR),nelder-mead,4.839438e+02,-3.337021e-08,1.000000e+00,4.749978e+03,,,,,,
2025-12-08T12:34:23+01:00,diode_test_453_files_1765193657,404,14.68,6.918941e-04,true,R(QR),nelder-mead,4.825784e+02,-3.336119e-08,1.000000e+00,4.766301e+03,,,,,,
2025-12-08T12:34:23+01:00,diode_test_453_files_1765193657,405,13.86,7.086661e-04,true,R(QR),nelder-mead,4.846833e+02,-3.329140e-08,1.000000e+00,4.753524e+03,,,,,,
2025-12-08T12:34:23+01:00,diode_test_453_files_1765193657,406,13.14,6.530052e-04,true,R(QR),nelder-mead,4.839006e+02,-3.343206e-08,1.000000e+00,4.743542e+03,,,,,,
2025-12-08T12:34:23+01:00,diode_test_453_files_1765193657,407,12.31,5.728261e-04,true,R(QR),nelder-mead,4.810253e+02,-3.327361e-08,1.000000e+00,4.739049e+03,,,,,,
2025-12-08T12:34:23+01:00,diode_test_453_files_1765193657,408,17.47,5.810421e-04,true,R(QR),nelder-mead,4.813863e+02,-3.326449e-08,1.000000e+00,4.731519e+03,,,,,,
2025-12-08T12:34:23+01:00,diode_test_453_files_1765193657,409,10.68,5.981543e-04,true,R(QR),nelder-mead,4.821737e+02,-3.322743e-08,1.000000e+00,4.745471e+03,,,,,,
2025-12-08T12:34:23+01:00,diode_test_453_files_1765193657,410,10.39,4.623595e-04,true,R(QR),nelder-mead,4.842816e+02,-3.336082e-08,1.000000e+00,4.721347e+03,,,,,,
2025-12-08T12:34:23+01:00,diode_test_453_files_1765193657,411,10.59,4.986305e-04,true,R(QR),nelder-mead,4.831414e+02,-3.320381e-08,1.000000e+00,4.710752e+03,,,,,,
2025-12-08T12:34:23+01:00,diode_test_453_files_1765193657,412,10.89,4.932926e-04,true,R(QR),nelder-mead,4.812150e+02,-3.343294e-08,1.000000e+00,4.706663e+03,,,,,,
2025-12-08T12:34:23+01:00,diode_test_453_files_1765193657,413,9.66,4.886683e-04,true,R(QR),nelder-mead,4.823688e+02,-3.321256e-08,1.000000e+00,4.689428e+03,,,,,,
2025-12-08T12:34:23+01:00,diode_test_453_files_1765193657,414,9.21,5.339534e-04,true,R(QR),nelder-mead,4.842428e+02,-3.335792e-08,1.000000e+00,4.701728e+03,,,,,,
2025-12-08T12:34:23+01:00,diode_test_453_files_1765193657,415,9.45,5.474567e-04,true,R(QR),nelder-mead,4.808578e+02,-3.315270e-08,1.000000e+00,4.707152e+03,,,,,,
2025-12-08T12:34:23+01:00,diode_test_453_files_1765193657,416,8.97,4.767666e-04,true,R(QR),nelder-mead,4.824797e+02,-3.311576e-08,1.000000e+00,4.688485e+03,,,,,,
2025-12-08T12:34:23+01:00,diode_test_453_files_1765193657,417,10.45,4.526209e-04,true,R(QR),nelder-mead,4.813490e+02,-3.333158e-08,1.000000e+00,4.691690e+03,,,,,,
2025-12-08T12:34:23+01:00,diode_test_453_files_1765193657,418,8.82,4.715029e-04,true,R(QR),nelder-mead,4.830623e+02,-3.320285e-08,1.000000e+00,4.703052e+03,,,,,,
2025-12-08T12:34:23+01:00,diode_test_453_files_1765193657,419,11.85,4.165850e-04,true,R(QR),nelder-mead,4.805392e+02,-3.313734e-08,1.000000e+00,4.671512e+03,,,,,,
2025-12-08T12:34:23+01:00,diode_test_453_files_1765193657,420,12.29,3.652892e-04,true,R(QR),nelder-mead,4.820403e+02,-3.333551e-08,1.000000e+00,4.687426e+03,,,,,,
2025-12-08T12:34:23+01:00,diode_test_453_files_1765193657,421,7.40,4.535694e-04,true,R(QR),nelder-mead,4.803858e+02,-3.327252e-08,1.000000e+00,4.684082e+03,,,,,,
2025-12-08T12:34:23+01:00,diode_test_453_files_1765193657,422,10.37,3.204947e-04,true,R(QR),nelder-mead,4.796209e+02,-3.313035e-08,1.000000e+00,4.680987e+03,,,,,,
2025-12-08T12:34:23+01:00,diode_test_453_files_1765193657,423,10.79,3.262687e-04,true,R(QR),nelder-mead,4.827050e+02,-3.314461e-08,1.000000e+00,4.689741e+03,,,,,,
2025-12-08T12:34:23+01:00,diode_test_453_files_1765193657,424,13.91,3.127132e-04,true,R(QR),nelder-mead,4.820739e+02,-3.320604e-08,1.000000e+00,4.674783e+03,,,,,,
2025-12-08T12:34:23+01:00,diode_test_453_files_1765193657,425,11.93,4.065128e-04,true,R(QR),nelder-mead,4.814069e+02,-3.314188e-08,1.000000e+00,4.677881e+03,,,,,,
2025-12-08T12:34:23+01:00,diode_test_453_files_1765193657,426,10.14,3.192321e-04,true,R(QR),nelder-mead,4.812363e+02,-3.318547e-08,1.000000e+00,4.664081e+03,,,,,,
2025-12-08T12:34:23+01:00,diode_test_453_files_1765193657,427,13.55,3.543063e-04,true,R(QR),nelder-mead,4.837990e+02,-3.320289e-08,1.000000e+00,4.657468e+03,,,,,,
2025-12-08T12:34:23+01:00,diode_test_453_files_1765193657,428,11.50,3.478609e-04,true,R(QR),nelder-mead,4.813083e+02,-3.308453e-08,1.000000e+00,4.648804e+03,,,,,,
2025-12-08T12:34:23+01:00,diode_test_453_files_1765193657,429,6.60,2.719374e-04,true,R(QR),nelder-mead,4.810697e+02,-3.330604e-08,1.000000e+00,4.656988e+03,,,,,,
2025-12-08T12:34:23+01:00,diode_test_453_files_1765193657,430,13.67,2.911489e-04,true,R(QR),nelder-mead,4.808928e+02,-3.336114e-08,1.000000e+00,4.654848e+03,,,,,,
2025-12-08T12:34:23+01:00,diode_test_453_files_1765193657,431,10.17,2.323174e-04,true,R(QR),nelder-mead,4.821110e+02,-3.320453e-08,1.000000e+00,4.649238e+03,,,,,,
2025-12-08T12:34:23+01:00,diode_test_453_files_1765193657,432,9.98,2.425149e-04,true,R(QR),nelder-mead,4.820718e+02,-3.322559e-08,1.000000e+00,4.637723e+03,,,,,,
2025-12-08T12:34:23+01:00,diode_test_453_files_1765193657,433,10.85,2.422147e-04,true,R(QR),nelder-mead,4.812767e+02,-3.326324e-08,1.000000e+00,4.663020e+03,,,,,,
2025-12-08T12:34:23+01:00,diode_test_453_files_1765193657,434,10.31,2.140305e-04,true,R(QR),nelder-mead,4.811989e+02,-3.310101e-08,1.000000e+00,4.656657e+03,,,,,,
2025-12-08T12:34:23+01:00,diode_test_453_files_1765193657,435,11.72,2.192714e-04,true,R(QR),nelder-mead,4.808633e+02,-3.320718e-08,1.000000e+00,4.645766e+03,,,,,,
2025-12-08T12:34:23+01:00,diode_test_453_files_1765193657,436,9.20,2.410929e-04,true,R(QR),nelder-mead,4.813908e+02,-3.301707e-08,1.000000e+00,4.654183e+03,,,,,,
2025-12-08T12:34:23+01:00,diode_test_453_files_1765193657,437,9.56,2.484463e-04,true,R(QR),nelder-mead,4.801261e+02,-3.313072e-08,1.000000e+00,4.651168e+03,,,,,,
2025-12-08T12:34:23+01:00,diode_test_453_files_1765193657,438,9.84,2.174187e-04,true,R(QR),nelder-mead,4.788230e+02,-3.311976e-08,1.000000e+00,4.646617e+03,,,,,,
2025-12-08T12:34:23+01:00,diode_test_453_files_1765193657,439,11.83,2.904738e-04,true,R(QR),nelder-mead,4.802773e+02,-3.277264e-08,1.000000e+00,4.641372e+03,,,,,,
2025-12-08T12:34:23+01:00,diode_test_453_files_1765193657,440,7.51,4.086874e-04,true,R(QR),nelder-mead,4.791764e+02,-3.271069e-08,1.000000e+00,4.632687e+03,,,,,,
2025-12-08T12:34:23+01:00,diode_test_453_files_1765193657,441,9.89,2.145395e-04,true,R(QR),nelder-mead,4.809114e+02,-3.308135e-08,1.000000e+00,4.633072e+03,,,,,,
2025-12-08T12:34:23+01:00,diode_test_453_files_1765193657,442,9.19,1.907088e-04,true,R(QR),nelder-mead,4.811462e+02,-3.319388e-08,1.000000e+00,4.632185e+03,,,,,,
2025-12-08T12:34:23+01:00,diode_test_453_files_1765193657,443,14.06,1.564651e-04,true,R(QR),nelder-mead,4.808424e+02,-3.306386e-08,1.000000e+00,4.620388e+03,,,,,,
2025-12-08T12:34:23+01:00,diode_test_453_files_1765193657,444,13.41,1.639099e-04,true,R(QR),nelder-mead,4.801001e+02,-3.314811e-08,1.000000e+00,4.640362e+03,,,,,,
2025-12-08T12:34:23+01:00,diode_test_453_files_1765193657,445,9.37,1.397870e-04,true,R(QR),nelder-mead,4.792743e+02,-3.310143e-08,1.000000e+00,4.630802e+03,,,,,,
2025-12-08T12:34:23+01:00,diode_test_453_files_1765193657,446,10.43,2.068269e-04,true,R(QR),nelder-mead,4.812976e+02,-3.308903e-08,1.000000e+00,4.632096e+03,,,,,,
2025-12-08T12:34:23+01:00,diode_test_453_files_1765193657,447,10.36,1.686386e-04,true,R(QR),nelder-mead,4.800981e+02,-3.309306e-08,1.000000e+00,4.632930e+03,,,,,,
2025-12-08T12:34:23+01:00,diode_test_453_files_1765193657,448,13.06,3.090051e-04,true,R(QR),nelder-mead,4.783094e+02,-3.414435e-08,9.967296e-01,4.623996e+03,,,,,,
2025-12-08T12:34:23+01:00,diode_test_453_files_1765193657,449,9.75,4.042607e-04,true,R(QR),nelder-mead,4.813676e+02,-3.283265e-08,1.000000e+00,4.615821e+03,,,,,,
2025-12-08T12:34:23+01:00,diode_test_453_files_1765193657,450,9.74,1.162014e-04,true,R(QR),nelder-mead,4.786659e+02,-3.295531e-08,1.000000e+00,4.618355e+03,,,,,,
2025-12-08T12:34:23+01:00,diode_test_453_files_1765193657,451,10.52,3.845934e-04,true,R(QR),nelder-mead,4.821232e+02,-3.281390e-08,1.000000e+00,4.616859e+03,,,,,,
2025-12-08T12:34:23+01:00,diode_test_453_files_1765193657,452,5.88,1.393593e-04,true,R(QR),nelder-mead,4.790857e+02,-3.311047e-08,1.000000e+00,4.606498e+03,,,,,,
2025-12-08T12:34:51+01:00,diode_test_453_files_1765193684,0,47.48,1.773485e-02,true,R(QR),nelder-mead,7.357767e+02,7.644547e-05,1.000000e+00,4.921238e+03,,,,,,
2025-12-08T12:34:51+01:00,diode_test_453_files_1765193684,1,45.37,1.775825e-02,true,R(QR),nelder-mead,7.359665e+02,7.635955e-05,1.000000e+00,4.923644e+03,,,,,,
2025-12-08T12:34:51+01:00,diode_test_453_files_1765193684,2,46.31,1.778398e-02,true,R(QR),nelder-mead,7.360160e+02,7.628306e-05,1.000000e+00,4.925625e+03,,,,,,
2025-12-08T12:34:51+01:00,diode_test_453_files_1765193684,3,47.17,1.780742e-02,true,R(QR),nelder-mead,7.360932e+02,7.621667e-05,1.000000e+00,4.927987e+03,,,,,,
2025-12-08T12:34:51+01:00,diode_test_453_files_1765193684,4,41.15,1.782165e-02,true,R(QR),nelder-mead,7.362649e+02,7.613639e-05,1.000000e+00,4.929802e+03,,,,,,
2025-12-08T12:34:51+01:00,diode_test_453_files_1765193684,5,40.27,1.785969e-02,true,R(QR),nelder-mead,7.362940e+02,7.605747e-05,1.000000e+00,4.932125e+03,,,,,,
2025-12-08T12:34:51+01:00,diode_test_453_files_1765193684,6,55.38,1.789129e-02,true,R(QR),nelder-mead,7.364276e+02,7.596734e-05,1.000000e+00,4.934487e+03,,,,,,
2025-12-08T12:34:51+01:00,diode_test_453_files_1765193684,7,44.91,1.791074e-02,true,R(QR),nelder-mead,7.364312e+02,7.587515e-05,1.000000e+00,4.936987e+03,,,,,,
2025-12-08T12:34:51+01:00,diode_test_453_files_1765193684,8,45.47,1.794606e-02,true,R(QR),nelder-mead,7.364751e+02,7.580648e-05,1.000000e+00,4.939012e+03,,,,,,
2025-12-08T12:34:51+01:00,diode_test_453_files_1765193684,9,42.43,1.797104e-02,true,R(QR),nelder-mead,7.364955e+02,7.571404e-05,1.000000e+00,4.941383e+03,,,,,,
2025-12-08T12:34:51+01:00,diode_test_453_files_1765193684,10,55.64,1.800894e-02,true,R(QR),nelder-mead,7.366699e+02,7.562829e-05,1.000000e+00,4.943574e+03,,,,,,
2025-12-08T12:34:51+01:00,diode_test_453_files_1765193684,11,48.98,1.804056e-02,true,R(QR),nelder-mead,7.367063e+02,7.554021e-05,1.000000e+00,4.946072e+03,,,,,,
2025-12-08T12:34:51+01:00,diode_test_453_files_1765193684,12,40.97,1.806927e-02,true,R(QR),nelder-mead,7.367856e+02,7.544899e-05,1.000000e+00,4.948230e+03,,,,,,
2025-12-08T12:34:51+01:00,diode_test_453_files_1765193684,13,44.43,1.810518e-02,true,R(QR),nelder-mead,7.368903e+02,7.538691e-05,1.000000e+00,4.950378e+03,,,,,,
2025-12-08T12:34:51+01:00,diode_test_453_files_1765193684,14,47.85,1.813691e-02,true,R(QR),nelder-mead,7.368864e+02,7.528723e-05,1.000000e+00,4.952831e+03,,,,,,
2025-12-08T12:34:51+01:00,diode_test_453_files_1765193684,15,55.44,1.816683e-02,true,R(QR),nelder-mead,7.368623e+02,7.520573e-05,1.000000e+00,4.955354e+03,,,,,,
2025-12-08T12:34:51+01:00,diode_test_453_files_1765193684,16,45.83,1.820717e-02,true,R(QR),nelder-mead,7.370244e+02,7.511863e-05,1.000000e+00,4.957720e+03,,,,,,
2025-12-08T12:34:51+01:00,diode_test_453_files_1765193684,17,48.01,1.825200e-02,true,R(QR),nelder-mead,7.370241e+02,7.501672e-05,1.000000e+00,4.960153e+03,,,,,,
2025-12-08T12:34:51+01:00,diode_test_453_files_1765193684,18,73.57,1.829393e-02,true,R(QR),nelder-mead,7.370716e+02,7.493451e-05,1.000000e+00,4.962832e+03,,,,,,
2025-12-08T12:34:51+01:00,diode_test_453_files_1765193684,19,76.00,1.832200e-02,true,R(QR),nelder-mead,7.371533e+02,7.484782e-05,1.000000e+00,4.964842e+03,,,,,,
2025-12-08T12:34:51+01:00,diode_test_453_files_1765193684,20,66.79,1.836696e-02,true,R(QR),nelder-mead,7.372555e+02,7.473512e-05,1.000000e+00,4.967856e+03,,,,,,
2025-12-08T12:34:51+01:00,diode_test_453_files_1765193684,21,63.80,1.840969e-02,true,R(QR),nelder-mead,7.373986e+02,7.465338e-05,1.000000e+00,4.970223e+03,,,,,,
2025-12-08T12:34:51+01:00,diode_test_453_files_1765193684,22,53.03,1.843319e-02,true,R(QR),nelder-mead,7.375816e+02,7.454736e-05,1.000000e+00,4.972821e+03,,,,,,
2025-12-08T12:34:51+01:00,diode_test_453_files_1765193684,23,48.69,1.848271e-02,true,R(QR),nelder-mead,7.376583e+02,7.445418e-05,1.000000e+00,4.975406e+03,,,,,,
2025-12-08T12:34:51+01:00,diode_test_453_files_1765193684,24,49.27,1.852462e-02,true,R(QR),nelder-mead,7.376849e+02,7.435921e-05,1.000000e+00,4.977825e+03,,,,,,
2025-12-08T12:34:51+01:00,diode_test_453_files_1765193684,25,53.20,1.857054e-02,true,R(QR),nelder-mead,7.377198e+02,7.427525e-05,1.000000e+00,4.980446e+03,,,,,,
2025-12-08T12:34:51+01:00,diode_test_453_files_1765193684,26,56.21,1.862391e-02,true,R(QR),nelder-mead,7.378110e+02,7.417567e-05,1.000000e+00,4.983089e+03,,,,,,
2025-12-08T12:34:51+01:00,diode_test_453_files_1765193684,27,44.22,1.866046e-02,true,R(QR),nelder-mead,7.378847e+02,7.406395e-05,1.000000e+00,4.985843e+03,,,,,,
2025-12-08T12:34:51+01:00,diode_test_453_files_1765193684,28,60.30,1.871424e-02,true,R(QR),nelder-mead,7.379716e+02,7.396712e-05,1.000000e+00,4.988493e+03,,,,,,
2025-12-08T12:34:51+01:00,diode_test_453_files_1765193684,29,59.76,1.875968e-02,true,R(QR),nelder-mead,7.380756e+02,7.387685e-05,1.000000e+00,4.991138e+03,,,,,,
2025-12-08T12:34:51+01:00,diode_test_453_files_1765193684,30,55.34,1.881298e-02,true,R(QR),nelder-mead,7.381468e+02,7.377660e-05,1.000000e+00,4.993782e+03,,,,,,
2025-12-08T12:34:51+01:00,diode_test_453_files_1765193684,31,46.93,1.885645e-02,true,R(QR),nelder-mead,7.382291e+02,7.367956e-05,1.000000e+00,4.996650e+03,,,,,,
2025-12-08T12:34:51+01:00,diode_test_453_files_1765193684,32,50.16,1.890930e-02,true,R(QR),nelder-mead,7.383095e+02,7.357911e-05,1.000000e+00,4.999237e+03,,,,,,
2025-12-08T12:34:51+01:00,diode_test_453_files_1765193684,33,45.13,1.895912e-02,true,R(QR),nelder-mead,7.383256e+02,7.348028e-05,1.000000e+00,5.002023e+03,,,,,,
2025-12-08T12:34:51+01:00,diode_test_453_files_1765193684,34,49.44,1.901158e-02,true,R(QR),nelder-mead,7.383718e+02,7.337760e-05,1.000000e+00,5.005000e+03,,,,,,
2025-12-08T12:34:51+01:00,diode_test_453_files_1765193684,35,45.81,1.907035e-02,true,R(QR),nelder-mead,7.384295e+02,7.328207e-05,1.000000e+00,5.008107e+03,,,,,,
2025-12-08T12:34:51+01:00,diode_test_453_files_1765193684,36,51.78,1.913498e-02,true,R(QR),nelder-mead,7.384809e+02,7.317928e-05,1.000000e+00,5.010865e+03,,,,,,
2025-12-08T12:34:51+01:00,diode_test_453_files_1765193684,37,52.16,1.919661e-02,true,R(QR),nelder-mead,7.385588e+02,7.306159e-05,1.000000e+00,5.013836e+03,,,,,,
2025-12-08T12:34:51+01:00,diode_test_453_files_1765193684,38,51.06,1.925518e-02,true,R(QR),nelder-mead,7.386142e+02,7.296474e-05,1.000000e+00,5.016635e+03,,,,,,
2025-12-08T12:34:51+01:00,diode_test_453_files_1765193684,39,60.00,1.931448e-02,true,R(QR),nelder-mead,7.387892e+02,7.285576e-05,1.000000e+00,5.019813e+03,,,,,,
2025-12-08T12:34:51+01:00,diode_test_453_files_1765193684,40,59.28,1.938795e-02,true,R(QR),nelder-mead,7.388694e+02,7.275017e-05,1.000000e+00,5.022562e+03,,,,,,
2025-12-08T12:34:51+01:00,diode_test_453_files_1765193684,41,61.35,1.943863e-02,true,R(QR),nelder-mead,7.389834e+02,7.264739e-05,1.000000e+00,5.025561e+03,,,,,,
2025-12-08T12:34:51+01:00,diode_test_453_files_1765193684,42,48.94,1.950790e-02,true,R(QR),nelder-mead,7.391630e+02,7.254230e-05,1.000000e+00,5.028518e+03,,,,,,
2025-12-08T12:34:51+01:00,diode_test_453_files_1765193684,43,59.76,1.956656e-02,true,R(QR),nelder-mead,7.392595e+02,7.243663e-05,1.000000e+00,5.031421e+03,,,,,,
2025-12-08T12:34:51+01:00,diode_test_453_files_1765193684,44,58.90,1.964595e-02,true,R(QR),nelder-mead,7.392897e+02,7.233029e-05,1.000000e+00,5.034642e+03,,,,,,
2025-12-08T12:34:51+01:00,diode_test_453_files_1765193684,45,68.41,1.972091e-02,true,R(QR),nelder-mead,7.393601e+02,7.222168e-05,1.000000e+00,5.037810e+03,,,,,,
2025-12-08T12:34:51+01:00,diode_test_453_files_1765193684,46,49.66,1.980427e-02,true,R(QR),nelder-mead,7.395322e+02,7.210162e-05,1.000000e+00,5.040843e+03,,,,,,
2025-12-08T12:34:51+01:00,diode_test_453_files_1765193684,47,49.52,1.987379e-02,true,R(QR),nelder-mead,7.396031e+02,7.200148e-05,1.000000e+00,5.043967e+03,,,,,,
2025-12-08T12:34:51+01:00,diode_test_453_files_1765193684,48,45.80,1.994764e-02,true,R(QR),nelder-mead,7.397377e+02,7.189783e-05,1.000000e+00,5.047067e+03,,,,,,
2025-12-08T12:34:51+01:00,diode_test_453_files_1765193684,49,42.38,2.002830e-02,true,R(QR),nelder-mead,7.398650e+02,7.178597e-05,1.000000e+00,5.050373e+03,,,,,,
2025-12-08T12:34:51+01:00,diode_test_453_files_1765193684,50,62.24,2.010136e-02,true,R(QR),nelder-mead,7.399663e+02,7.167305e-05,1.000000e+00,5.053765e+03,,,,,,
2025-12-08T12:34:51+01:00,diode_test_453_files_1765193684,51,41.25,2.018216e-02,true,R(QR),nelder-mead,7.400472e+02,7.155158e-05,1.000000e+00,5.057235e+03,,,,,,
2025-12-08T12:34:51+01:00,diode_test_453_files_1765193684,52,61.24,2.026948e-02,true,R(QR),nelder-mead,7.401037e+02,7.145413e-05,1.000000e+00,5.060556e+03,,,,,,
2025-12-08T12:34:51+01:00,diode_test_453_files_1765193684,53,53.08,2.035483e-02,true,R(QR),nelder-mead,7.401945e+02,7.134334e-05,1.000000e+00,5.063796e+03,,,,,,
2025-12-08T12:34:51+01:00,diode_test_453_files_1765193684,54,51.61,2.045027e-02,true,R(QR),nelder-mead,7.402716e+02,7.122338e-05,1.000000e+00,5.067071e+03,,,,,,
2025-12-08T12:34:51+01:00,diode_test_453_files_1765193684,55,52.57,2.054778e-02,true,R(QR),nelder-mead,7.403458e+02,7.111161e-05,1.000000e+00,5.070516e+03,,,,,,
2025-12-08T12:34:51+01:00,diode_test_453_files_1765193684,56,59.56,2.064501e-02,true,R(QR),nelder-mead,7.404626e+02,7.098653e-05,1.000000e+00,5.074015e+03,,,,,,
2025-12-08T12:34:51+01:00,diode_test_453_files_1765193684,57,53.61,2.074670e-02,true,R(QR),nelder-mead,7.405698e+02,7.087676e-05,1.000000e+00,5.077575e+03,,,,,,
2025-12-08T12:34:51+01:00,diode_test_453_files_1765193684,58,54.43,2.084560e-02,true,R(QR),nelder-mead,7.406867e+02,7.076611e-05,1.000000e+00,5.081078e+03,,,,,,
2025-12-08T12:34:51+01:00,diode_test_453_files_1765193684,59,49.97,2.094360e-02,true,R(QR),nelder-mead,7.408183e+02,7.063461e-05,1.000000e+00,5.084753e+03,,,,,,
2025-12-08T12:34:51+01:00,diode_test_453_files_1765193684,60,51.71,2.104393e-02,true,R(QR),nelder-mead,7.408971e+02,7.052731e-05,1.000000e+00,5.088262e+03,,,,,,
2025-12-08T12:34:51+01:00,diode_test_453_files_1765193684,61,53.33,2.115183e-02,true,R(QR),nelder-mead,7.409743e+02,7.041053e-05,1.000000e+00,5.091937e+03,,,,,,
2025-12-08T12:34:51+01:00,diode_test_453_files_1765193684,62,50.31,2.126067e-02,true,R(QR),nelder-mead,7.410406e+02,7.027735e-05,1.000000e+00,5.095826e+03,,,,,,
2025-12-08T12:34:51+01:00,diode_test_453_files_1765193684,63,53.86,2.138235e-02,true,R(QR),nelder-mead,7.411261e+02,7.016044e-05,1.000000e+00,5.099675e+03,,,,,,
2025-12-08T12:34:51+01:00,diode_test_453_files_1765193684,64,49.89,2.150243e-02,true,R(QR),nelder-mead,7.412302e+02,7.003035e-05,1.000000e+00,5.103197e+03,,,,,,
2025-12-08T12:34:51+01:00,diode_test_453_files_1765193684,65,84.08,2.161705e-02,true,R(QR),nelder-mead,7.413134e+02,6.991371e-05,1.000000e+00,5.107027e+03,,,,,,
2025-12-08T12:34:51+01:00,diode_test_453_files_1765193684,66,55.54,2.173948e-02,true,R(QR),nelder-mead,7.414364e+02,6.979258e-05,1.000000e+00,5.110834e+03,,,,,,
2025-12-08T12:34:51+01:00,diode_test_453_files_1765193684,67,65.18,2.186277e-02,true,R(QR),nelder-mead,7.415145e+02,6.967004e-05,1.000000e+00,5.114807e+03,,,,,,
2025-12-08T12:34:51+01:00,diode_test_453_files_1765193684,68,45.57,2.199095e-02,true,R(QR),nelder-mead,7.415859e+02,6.953575e-05,1.000000e+00,5.118514e+03,,,,,,
2025-12-08T12:34:51+01:00,diode_test_453_files_1765193684,69,40.65,2.211976e-02,true,R(QR),nelder-mead,7.416964e+02,6.941754e-05,1.000000e+00,5.122538e+03,,,,,,
2025-12-08T12:34:51+01:00,diode_test_453_files_1765193684,70,48.28,2.226243e-02,true,R(QR),nelder-mead,7.417652e+02,6.928875e-05,1.000000e+00,5.126730e+03,,,,,,
2025-12-08T12:34:51+01:00,diode_test_453_files_1765193684,71,46.68,2.240596e-02,true,R(QR),nelder-mead,7.418174e+02,6.916617e-05,1.000000e+00,5.130677e+03,,,,,,
2025-12-08T12:34:51+01:00,diode_test_453_files_1765193684,72,47.02,2.254868e-02,true,R(QR),nelder-mead,7.420244e+02,6.902416e-05,1.000000e+00,5.134834e+03,,,,,,
2025-12-08T12:34:51+01:00,diode_test_453_files_1765193684,73,50.86,2.271434e-02,true,R(QR),nelder-mead,7.419525e+02,6.889712e-05,1.000000e+00,5.139071e+03,,,,,,
2025-12-08T12:34:51+01:00,diode_test_453_files_1765193684,74,79.52,2.287096e-02,true,R(QR),nelder-mead,7.421355e+02,6.876980e-05,1.000000e+00,5.143161e+03,,,,,,
2025-12-08T12:34:51+01:00,diode_test_453_files_1765193684,75,44.93,2.301824e-02,true,R(QR),nelder-mead,7.422693e+02,6.862867e-05,1.000000e+00,5.147067e+03,,,,,,
2025-12-08T12:34:51+01:00,diode_test_453_files_1765193684,76,48.76,2.318144e-02,true,R(QR),nelder-mead,7.424175e+02,6.850480e-05,1.000000e+00,5.151296e+03,,,,,,
2025-12-08T12:34:51+01:00,diode_test_453_files_1765193684,77,48.42,2.334730e-02,true,R(QR),nelder-mead,7.425872e+02,6.835936e-05,1.000000e+00,5.155593e+03,,,,,,
2025-12-08T12:34:51+01:00,diode_test_453_files_1765193684,78,46.16,2.351475e-02,true,R(QR),nelder-mead,7.426889e+02,6.823406e-05,1.000000e+00,5.160099e+03,,,,,,
2025-12-08T12:34:51+01:00,diode_test_453_files_1765193684,79,45.62,2.369486e-02,true,R(QR),nelder-mead,7.428376e+02,6.809445e-05,1.000000e+00,5.164454e+03,,,,,,
2025-12-08T12:34:51+01:00,diode_test_453_files_1765193684,80,44.04,2.387035e-02,true,R(QR),nelder-mead,7.428661e+02,6.796416e-05,1.000000e+00,5.168798e+03,,,,,,
2025-12-08T12:34:51+01:00,diode_test_453_files_1765193684,81,45.95,2.406049e-02,true,R(QR),nelder-mead,7.430266e+02,6.782523e-05,1.000000e+00,5.173109e+03,,,,,,
2025-12-08T12:34:51+01:00,diode_test_453_files_1765193684,82,48.92,2.425401e-02,true,R(QR),nelder-mead,7.432938e+02,6.769706e-05,1.000000e+00,5.177436e+03,,,,,,
2025-12-08T12:34:51+01:00,diode_test_453_files_1765193684,83,49.39,2.445951e-02,true,R(QR),nelder-mead,7.432972e+02,6.755106e-05,1.000000e+00,5.181918e+03,,,,,,
2025-12-08T12:34:51+01:00,diode_test_453_files_1765193684,84,45.80,2.466001e-02,true,R(QR),nelder-mead,7.434694e+02,6.740468e-05,1.000000e+00,5.186389e+03,,,,,,
2025-12-08T12:34:51+01:00,diode_test_453_files_1765193684,85,56.83,2.486729e-02,true,R(QR),nelder-mead,7.436116e+02,6.726674e-05,1.000000e+00,5.190818e+03,,,,,,
2025-12-08T12:34:51+01:00,diode_test_453_files_1765193684,86,52.08,2.509121e-02,true,R(QR),nelder-mead,7.437149e+02,6.713091e-05,1.000000e+00,5.195327e+03,,,,,,
2025-12-08T12:34:51+01:00,diode_test_453_files_1765193684,87,63.87,2.530900e-02,true,R(QR),nelder-mead,7.438503e+02,6.698819e-05,1.000000e+00,5.199990e+03,,,,,,
2025-12-08T12:34:51+01:00,diode_test_453_files_1765193684,88,51.86,2.555047e-02,true,R(QR),nelder-mead,7.439424e+02,6.684897e-05,1.000000e+00,5.204390e+03,,,,,,
2025-12-08T12:34:51+01:00,diode_test_453_files_1765193684,89,53.95,2.578835e-02,true,R(QR),nelder-mead,7.440299e+02,6.670288e-05,1.000000e+00,5.209130e+03,,,,,,
2025-12-08T12:34:51+01:00,diode_test_453_files_1765193684,90,49.92,2.604027e-02,true,R(QR),nelder-mead,7.441669e+02,6.656530e-05,1.000000e+00,5.213970e+03,,,,,,
2025-12-08T12:34:51+01:00,diode_test_453_files_1765193684,91,49.21,2.627396e-02,true,R(QR),nelder-mead,7.443006e+02,6.642054e-05,1.000000e+00,5.218694e+03,,,,,,
2025-12-08T12:34:51+01:00,diode_test_453_files_1765193684,92,44.83,2.656148e-02,true,R(QR),nelder-mead,7.442649e+02,6.627925e-05,1.000000e+00,5.223662e+03,,,,,,
2025-12-08T12:34:51+01:00,diode_test_453_files_1765193684,93,56.32,2.684003e-02,true,R(QR),nelder-mead,7.445243e+02,6.613859e-05,1.000000e+00,5.228220e+03,,,,,,
2025-12-08T12:34:51+01:00,diode_test_453_files_1765193684,94,53.27,2.711135e-02,true,R(QR),nelder-mead,7.447661e+02,6.597825e-05,1.000000e+00,5.233333e+03,,,,,,
2025-12-08T12:34:51+01:00,diode_test_453_files_1765193684,95,48.70,2.741150e-02,true,R(QR),nelder-mead,7.448315e+02,6.583806e-05,1.000000e+00,5.238286e+03,,,,,,
2025-12-08T12:34:51+01:00,diode_test_453_files_1765193684,96,61.43,2.770153e-02,true,R(QR),nelder-mead,7.449447e+02,6.570104e-05,1.000000e+00,5.243016e+03,,,,,,
2025-12-08T12:34:51+01:00,diode_test_453_files_1765193684,97,52.94,2.800659e-02,true,R(QR),nelder-mead,7.451680e+02,6.554451e-05,1.000000e+00,5.247955e+03,,,,,,
2025-12-08T12:34:51+01:00,diode_test_453_files_1765193684,98,76.74,2.833735e-02,true,R(QR),nelder-mead,7.451973e+02,6.540713e-05,1.000000e+00,5.252703e+03,,,,,,
2025-12-08T12:34:51+01:00,diode_test_453_files_1765193684,99,88.84,2.867192e-02,true,R(QR),nelder-mead,7.453349e+02,6.526604e-05,1.000000e+00,5.257597e+03,,,,,,
2025-12-08T12:34:51+01:00,diode_test_453_files_1765193684,100,93.98,2.901640e-02,true,R(QR),nelder-mead,7.455834e+02,6.510706e-05,1.000000e+00,5.262524e+03,,,,,,
2025-12-08T12:34:51+01:00,diode_test_453_files_1765193684,101,98.13,2.938335e-02,true,R(QR),nelder-mead,7.457365e+02,6.496621e-05,1.000000e+00,5.267626e+03,,,,,,
2025-12-08T12:34:51+01:00,diode_test_453_files_1765193684,102,83.32,2.974360e-02,true,R(QR),nelder-mead,7.458640e+02,6.482677e-05,1.000000e+00,5.272312e+03,,,,,,
2025-12-08T12:34:51+01:00,diode_test_453_files_1765193684,103,66.78,3.013742e-02,true,R(QR),nelder-mead,7.457946e+02,6.467920e-05,1.000000e+00,5.277408e+03,,,,,,
2025-12-08T12:34:51+01:00,diode_test_453_files_1765193684,104,91.30,3.050047e-02,true,R(QR),nelder-mead,7.462542e+02,6.453230e-05,1.000000e+00,5.282201e+03,,,,,,
2025-12-08T12:34:51+01:00,diode_test_453_files_1765193684,105,72.08,3.091986e-02,true,R(QR),nelder-mead,7.462520e+02,6.439127e-05,1.000000e+00,5.287239e+03,,,,,,
2025-12-08T12:34:51+01:00,diode_test_453_files_1765193684,106,64.47,3.134459e-02,true,R(QR),nelder-mead,7.463832e+02,6.425414e-05,1.000000e+00,5.292147e+03,,,,,,
2025-12-08T12:34:51+01:00,diode_test_453_files_1765193684,107,66.76,3.177738e-02,true,R(QR),nelder-mead,7.465933e+02,6.409778e-05,1.000000e+00,5.297312e+03,,,,,,
2025-12-08T12:34:51+01:00,diode_test_453_files_1765193684,108,57.92,3.224253e-02,true,R(QR),nelder-mead,7.465760e+02,6.394316e-05,1.000000e+00,5.302518e+03,,,,,,
2025-12-08T12:34:51+01:00,diode_test_453_files_1765193684,109,49.77,3.271556e-02,true,R(QR),nelder-mead,7.466795e+02,6.381225e-05,1.000000e+00,5.307467e+03,,,,,,
2025-12-08T12:34:51+01:00,diode_test_453_files_1765193684,110,59.73,3.320579e-02,true,R(QR),nelder-mead,7.469095e+02,6.367515e-05,1.000000e+00,5.312283e+03,,,,,,
2025-12-08T12:34:51+01:00,diode_test_453_files_1765193684,111,59.46,3.370802e-02,true,R(QR),nelder-mead,7.470295e+02,6.353157e-05,1.000000e+00,5.317390e+03,,,,,,
2025-12-08T12:34:51+01:00,diode_test_453_files_1765193684,112,63.15,3.423052e-02,true,R(QR),nelder-mead,7.471825e+02,6.338623e-05,1.000000e+00,5.322065e+03,,,,,,
2025-12-08T12:34:51+01:00,diode_test_453_files_1765193684,113,52.60,3.476062e-02,true,R(QR),nelder-mead,7.473734e+02,6.325678e-05,1.000000e+00,5.326732e+03,,,,,,
2025-12-08T12:34:51+01:00,diode_test_453_files_1765193684,114,55.25,3.533653e-02,true,R(QR),nelder-mead,7.475211e+02,6.311934e-05,1.000000e+00,5.331528e+03,,,,,,
2025-12-08T12:34:51+01:00,diode_test_453_files_1765193684,115,42.67,3.590371e-02,true,R(QR),nelder-mead,7.476928e+02,6.298324e-05,1.000000e+00,5.336315e+03,,,,,,
2025-12-08T12:34:51+01:00,diode_test_453_files_1765193684,116,58.88,3.651985e-02,true,R(QR),nelder-mead,7.476704e+02,6.285071e-05,1.000000e+00,5.341109e+03,,,,,,
2025-12-08T12:34:51+01:00,diode_test_453_files_1765193684,117,42.18,3.713018e-02,true,R(QR),nelder-mead,7.479709e+02,6.271868e-05,1.000000e+00,5.345523e+03,,,,,,
2025-12-08T12:34:51+01:00,diode_test_453_files_1765193684,118,50.89,3.778062e-02,true,R(QR),nelder-mead,7.479171e+02,6.259745e-05,1.000000e+00,5.350216e+03,,,,,,
2025-12-08T12:34:51+01:00,diode_test_453_files_1765193684,119,46.98,3.845376e-02,true,R(QR),nelder-mead,7.481035e+02,6.246252e-05,1.000000e+00,5.354508e+03,,,,,,
2025-12-08T12:34:51+01:00,diode_test_453_files_1765193684,120,62.04,3.917032e-02,true,R(QR),nelder-mead,7.482371e+02,6.233249e-05,1.000000e+00,5.359134e+03,,,,,,
2025-12-08T12:34:51+01:00,diode_test_453_files_1765193684,121,60.00,3.987030e-02,true,R(QR),nelder-mead,7.483255e+02,6.220741e-05,1.000000e+00,5.363530e+03,,,,,,
2025-12-08T12:34:51+01:00,diode_test_453_files_1765193684,122,55.98,4.062594e-02,true,R(QR),nelder-mead,7.485290e+02,6.210381e-05,1.000000e+00,5.367347e+03,,,,,,
2025-12-08T12:34:51+01:00,diode_test_453_files_1765193684,123,55.10,4.139449e-02,true,R(QR),nelder-mead,7.485857e+02,6.198815e-05,1.000000e+00,5.371337e+03,,,,,,
2025-12-08T12:34:51+01:00,diode_test_453_files_1765193684,124,50.88,4.220187e-02,true,R(QR),nelder-mead,7.487059e+02,6.186806e-05,1.000000e+00,5.375345e+03,,,,,,
2025-12-08T12:34:51+01:00,diode_test_453_files_1765193684,125,55.12,4.304186e-02,true,R(QR),nelder-mead,7.487302e+02,6.176397e-05,1.000000e+00,5.378742e+03,,,,,,
2025-12-08T12:34:51+01:00,diode_test_453_files_1765193684,126,58.14,4.391436e-02,true,R(QR),nelder-mead,7.489347e+02,6.165548e-05,1.000000e+00,5.382305e+03,,,,,,
2025-12-08T12:34:51+01:00,diode_test_453_files_1765193684,127,53.46,4.483027e-02,true,R(QR),nelder-mead,7.489092e+02,6.154866e-05,1.000000e+00,5.385980e+03,,,,,,
2025-12-08T12:34:51+01:00,diode_test_453_files_1765193684,128,68.30,4.577816e-02,true,R(QR),nelder-mead,7.491307e+02,6.142919e-05,1.000000e+00,5.388850e+03,,,,,,
2025-12-08T12:34:51+01:00,diode_test_453_files_1765193684,129,51.60,4.674115e-02,true,R(QR),nelder-mead,7.490652e+02,6.135609e-05,1.000000e+00,5.392440e+03,,,,,,
2025-12-08T12:34:51+01:00,diode_test_453_files_1765193684,130,49.65,4.774944e-02,true,R(QR),nelder-mead,7.493393e+02,6.126085e-05,1.000000e+00,5.394822e+03,,,,,,
2025-12-08T12:34:51+01:00,diode_test_453_files_1765193684,131,49.17,4.879579e-02,true,R(QR),nelder-mead,7.493513e+02,6.118521e-05,1.000000e+00,5.397189e+03,,,,,,
2025-12-08T12:34:51+01:00,diode_test_453_files_1765193684,132,72.92,4.989302e-02,true,R(QR),nelder-mead,7.495066e+02,6.111918e-05,1.000000e+00,5.399251e+03,,,,,,
2025-12-08T12:34:51+01:00,diode_test_453_files_1765193684,133,60.23,5.100312e-02,true,R(QR),nelder-mead,7.496144e+02,6.102352e-05,1.000000e+00,5.401502e+03,,,,,,
2025-12-08T12:34:51+01:00,diode_test_453_files_1765193684,134,81.59,5.217937e-02,true,R(QR),nelder-mead,7.497272e+02,6.097433e-05,1.000000e+00,5.402739e+03,,,,,,
2025-12-08T12:34:51+01:00,diode_test_453_files_1765193684,135,56.21,5.338750e-02,true,R(QR),nelder-mead,7.498101e+02,6.090298e-05,1.000000e+00,5.404029e+03,,,,,,
2025-12-08T12:34:51+01:00,diode_test_453_files_1765193684,136,58.29,5.465128e-02,true,R(QR),nelder-mead,7.497348e+02,6.086367e-05,1.000000e+00,5.405010e+03,,,,,,
2025-12-08T12:34:51+01:00,diode_test_453_files_1765193684,137,70.07,5.597036e-02,true,R(QR),nelder-mead,7.498026e+02,6.082161e-05,1.000000e+00,5.405347e+03,,,,,,
2025-12-08T12:34:51+01:00,diode_test_453_files_1765193684,138,66.71,5.730947e-02,true,R(QR),nelder-mead,7.499708e+02,6.077706e-05,1.000000e+00,5.405264e+03,,,,,,
2025-12-08T12:34:51+01:00,diode_test_453_files_1765193684,139,50.59,5.870365e-02,true,R(QR),nelder-mead,7.499600e+02,6.073862e-05,1.000000e+00,5.405096e+03,,,,,,
2025-12-08T12:34:51+01:00,diode_test_453_files_1765193684,140,52.67,6.015174e-02,true,R(QR),nelder-mead,7.499295e+02,6.071250e-05,1.000000e+00,5.404365e+03,,,,,,
2025-12-08T12:34:51+01:00,diode_test_453_files_1765193684,141,53.78,6.165798e-02,true,R(QR),nelder-mead,7.499484e+02,6.070564e-05,1.000000e+00,5.402977e+03,,,,,,
2025-12-08T12:34:51+01:00,diode_test_453_files_1765193684,142,56.20,6.321466e-02,true,R(QR),nelder-mead,7.498944e+02,6.068453e-05,1.000000e+00,5.401810e+03,,,,,,
2025-12-08T12:34:51+01:00,diode_test_453_files_1765193684,143,72.73,6.481846e-02,true,R(QR),nelder-mead,7.497977e+02,6.070226e-05,1.000000e+00,5.399410e+03,,,,,,
2025-12-08T12:34:51+01:00,diode_test_453_files_1765193684,144,68.16,6.646480e-02,true,R(QR),nelder-mead,7.497610e+02,6.070594e-05,1.000000e+00,5.396421e+03,,,,,,
2025-12-08T12:34:51+01:00,diode_test_453_files_1765193684,145,134.46,6.819325e-02,true,R(QR),nelder-mead,7.496358e+02,6.073772e-05,1.000000e+00,5.393215e+03,,,,,,
2025-12-08T12:34:51+01:00,diode_test_453_files_1765193684,146,124.81,6.995443e-02,true,R(QR),nelder-mead,7.495620e+02,6.078543e-05,1.000000e+00,5.389104e+03,,,,,,
2025-12-08T12:34:51+01:00,diode_test_453_files_1765193684,147,149.56,7.179689e-02,true,R(QR),nelder-mead,7.494320e+02,6.081190e-05,1.000000e+00,5.384723e+03,,,,,,
2025-12-08T12:34:51+01:00,diode_test_453_files_1765193684,148,212.83,7.366701e-02,true,R(QR),nelder-mead,7.492551e+02,6.088078e-05,1.000000e+00,5.379604e+03,,,,,,
2025-12-08T12:34:51+01:00,diode_test_453_files_1765193684,149,112.17,7.561205e-02,true,R(QR),nelder-mead,7.492686e+02,6.094673e-05,1.000000e+00,5.373610e+03,,,,,,
2025-12-08T12:34:51+01:00,diode_test_453_files_1765193684,150,107.53,7.761466e-02,true,R(QR),nelder-mead,7.491102e+02,6.102603e-05,1.000000e+00,5.367045e+03,,,,,,
2025-12-08T12:34:51+01:00,diode_test_453_files_1765193684,151,96.97,7.962190e-02,true,R(QR),nelder-mead,7.489721e+02,6.111998e-05,1.000000e+00,5.359976e+03,,,,,,
2025-12-08T12:34:51+01:00,diode_test_453_files_1765193684,152,66.86,8.177557e-02,true,R(QR),nelder-mead,7.487440e+02,6.123130e-05,1.000000e+00,5.351642e+03,,,,,,
2025-12-08T12:34:51+01:00,diode_test_453_files_1765193684,153,57.49,8.394173e-02,true,R(QR),nelder-mead,7.485633e+02,6.133523e-05,1.000000e+00,5.343473e+03,,,,,,
2025-12-08T12:34:51+01:00,diode_test_453_files_1765193684,154,57.82,8.616308e-02,true,R(QR),nelder-mead,7.483230e+02,6.146135e-05,1.000000e+00,5.334223e+03,,,,,,
2025-12-08T12:34:51+01:00,diode_test_453_files_1765193684,155,73.36,8.842777e-02,true,R(QR),nelder-mead,7.480442e+02,6.159689e-05,1.000000e+00,5.324232e+03,,,,,,
2025-12-08T12:34:51+01:00,diode_test_453_files_1765193684,156,62.24,9.079537e-02,true,R(QR),nelder-mead,7.477240e+02,6.175361e-05,1.000000e+00,5.313145e+03,,,,,,
2025-12-08T12:34:51+01:00,diode_test_453_files_1765193684,157,68.41,9.314907e-02,true,R(QR),nelder-mead,7.475088e+02,6.192880e-05,1.000000e+00,5.301629e+03,,,,,,
2025-12-08T12:34:51+01:00,diode_test_453_files_1765193684,158,84.95,9.555914e-02,true,R(QR),nelder-mead,7.471972e+02,6.210642e-05,1.000000e+00,5.289392e+03,,,,,,
2025-12-08T12:34:51+01:00,diode_test_453_files_1765193684,159,67.09,9.802595e-02,true,R(QR),nelder-mead,7.468933e+02,6.229771e-05,1.000000e+00,5.276391e+03,,,,,,
2025-12-08T12:34:51+01:00,diode_test_453_files_1765193684,160,74.52,1.005225e-01,true,R(QR),nelder-mead,7.465724e+02,6.250213e-05,1.000000e+00,5.262812e+03,,,,,,
2025-12-08T12:34:51+01:00,diode_test_453_files_1765193684,161,63.58,1.030988e-01,true,R(QR),nelder-mead,7.461089e+02,6.273137e-05,1.000000e+00,5.247965e+03,,,,,,
2025-12-08T12:34:51+01:00,diode_test_453_files_1765193684,162,65.77,1.056874e-01,true,R(QR),nelder-mead,7.458877e+02,6.296216e-05,1.000000e+00,5.232715e+03,,,,,,
2025-12-08T12:34:51+01:00,diode_test_453_files_1765193684,163,69.86,1.083355e-01,true,R(QR),nelder-mead,7.453994e+02,6.318135e-05,1.000000e+00,5.217500e+03,,,,,,
2025-12-08T12:34:51+01:00,diode_test_453_files_1765193684,164,71.43,1.109834e-01,true,R(QR),nelder-mead,7.450040e+02,6.344658e-05,1.000000e+00,5.200722e+03,,,,,,
2025-12-08T12:34:51+01:00,diode_test_453_files_1765193684,165,69.40,1.136397e-01,true,R(QR),nelder-mead,7.445384e+02,6.370204e-05,1.000000e+00,5.183726e+03,,,,,,
2025-12-08T12:34:51+01:00,diode_test_453_files_1765193684,166,49.95,1.163413e-01,true,R(QR),nelder-mead,7.442423e+02,6.397534e-05,1.000000e+00,5.166162e+03,,,,,,
2025-12-08T12:34:51+01:00,diode_test_453_files_1765193684,167,81.67,1.190357e-01,true,R(QR),nelder-mead,7.437310e+02,6.424976e-05,1.000000e+00,5.148524e+03,,,,,,
2025-12-08T12:34:51+01:00,diode_test_453_files_1765193684,168,75.97,1.217629e-01,true,R(QR),nelder-mead,7.432751e+02,6.455400e-05,1.000000e+00,5.129938e+03,,,,,,
2025-12-08T12:34:51+01:00,diode_test_453_files_1765193684,169,47.62,1.244640e-01,true,R(QR),nelder-mead,7.428868e+02,6.482605e-05,1.000000e+00,5.111116e+03,,,,,,
2025-12-08T12:34:51+01:00,diode_test_453_files_1765193684,170,92.93,1.271642e-01,true,R(QR),nelder-mead,7.423747e+02,6.513115e-05,1.000000e+00,5.092298e+03,,,,,,
2025-12-08T12:34:51+01:00,diode_test_453_files_1765193684,171,122.55,1.298820e-01,true,R(QR),nelder-mead,7.418901e+02,6.544586e-05,1.000000e+00,5.072553e+03,,,,,,
2025-12-08T12:34:51+01:00,diode_test_453_files_1765193684,172,104.69,1.325778e-01,true,R(QR),nelder-mead,7.413674e+02,6.576697e-05,1.000000e+00,5.052870e+03,,,,,,
2025-12-08T12:34:51+01:00,diode_test_453_files_1765193684,173,107.08,1.352449e-01,true,R(QR),nelder-mead,7.408121e+02,6.607589e-05,1.000000e+00,5.033115e+03,,,,,,
2025-12-08T12:34:51+01:00,diode_test_453_files_1765193684,174,92.44,1.378816e-01,true,R(QR),nelder-mead,7.402988e+02,6.639225e-05,1.000000e+00,5.013298e+03,,,,,,
2025-12-08T12:34:51+01:00,diode_test_453_files_1765193684,175,83.65,1.404823e-01,true,R(QR),nelder-mead,7.398365e+02,6.672398e-05,1.000000e+00,4.993469e+03,,,,,,
2025-12-08T12:34:51+01:00,diode_test_453_files_1765193684,176,77.11,1.430524e-01,true,R(QR),nelder-mead,7.392823e+02,6.700689e-05,1.000000e+00,4.973652e+03,,,,,,
2025-12-08T12:34:51+01:00,diode_test_453_files_1765193684,177,57.52,1.456101e-01,true,R(QR),nelder-mead,7.387154e+02,6.736184e-05,1.000000e+00,4.953789e+03,,,,,,
2025-12-08T12:34:51+01:00,diode_test_453_files_1765193684,178,51.46,1.480841e-01,true,R(QR),nelder-mead,7.383256e+02,6.767659e-05,1.000000e+00,4.934049e+03,,,,,,
2025-12-08T12:34:51+01:00,diode_test_453_files_1765193684,179,78.85,1.505445e-01,true,R(QR),nelder-mead,7.376509e+02,6.799667e-05,1.000000e+00,4.914818e+03,,,,,,
2025-12-08T12:34:51+01:00,diode_test_453_files_1765193684,180,68.79,1.529126e-01,true,R(QR),nelder-mead,7.372391e+02,6.831599e-05,1.000000e+00,4.895401e+03,,,,,,
2025-12-08T12:34:51+01:00,diode_test_453_files_1765193684,181,75.85,1.552234e-01,true,R(QR),nelder-mead,7.367467e+02,6.862121e-05,1.000000e+00,4.876784e+03,,,,,,
2025-12-08T12:34:51+01:00,diode_test_453_files_1765193684,182,64.89,1.574787e-01,true,R(QR),nelder-mead,7.362024e+02,6.891308e-05,1.000000e+00,4.858376e+03,,,,,,
2025-12-08T12:34:51+01:00,diode_test_453_files_1765193684,183,76.63,1.596801e-01,true,R(QR),nelder-mead,7.358977e+02,6.920943e-05,1.000000e+00,4.840054e+03,,,,,,
2025-12-08T12:34:51+01:00,diode_test_453_files_1765193684,184,126.79,1.618072e-01,true,R(QR),nelder-mead,7.353274e+02,6.951052e-05,1.000000e+00,4.822620e+03,,,,,,
2025-12-08T12:34:51+01:00,diode_test_453_files_1765193684,185,67.20,1.638423e-01,true,R(QR),nelder-mead,7.349402e+02,6.978317e-05,1.000000e+00,4.805706e+03,,,,,,
2025-12-08T12:34:51+01:00,diode_test_453_files_1765193684,186,68.88,1.658273e-01,true,R(QR),nelder-mead,7.345220e+02,7.006739e-05,1.000000e+00,4.788630e+03,,,,,,
2025-12-08T12:34:51+01:00,diode_test_453_files_1765193684,187,98.80,1.677080e-01,true,R(QR),nelder-mead,7.342040e+02,7.032821e-05,1.000000e+00,4.772642e+03,,,,,,
2025-12-08T12:34:51+01:00,diode_test_453_files_1765193684,188,69.71,1.695158e-01,true,R(QR),nelder-mead,7.337359e+02,7.060003e-05,1.000000e+00,4.757148e+03,,,,,,
2025-12-08T12:34:51+01:00,diode_test_453_files_1765193684,189,54.08,1.712827e-01,true,R(QR),nelder-mead,7.332693e+02,7.086383e-05,1.000000e+00,4.742147e+03,,,,,,
2025-12-08T12:34:51+01:00,diode_test_453_files_1765193684,190,57.07,1.729596e-01,true,R(QR),nelder-mead,7.329771e+02,7.106063e-05,1.000000e+00,4.727488e+03,,,,,,
2025-12-08T12:34:51+01:00,diode_test_453_files_1765193684,191,121.99,1.745592e-01,true,R(QR),nelder-mead,7.325999e+02,7.131649e-05,1.000000e+00,4.713855e+03,,,,,,
2025-12-08T12:34:51+01:00,diode_test_453_files_1765193684,192,58.56,1.760505e-01,true,R(QR),nelder-mead,7.321454e+02,7.154249e-05,1.000000e+00,4.701020e+03,,,,,,
2025-12-08T12:34:51+01:00,diode_test_453_files_1765193684,193,125.82,1.774790e-01,true,R(QR),nelder-mead,7.319367e+02,7.174298e-05,1.000000e+00,4.688540e+03,,,,,,
2025-12-08T12:34:51+01:00,diode_test_453_files_1765193684,194,122.02,1.789133e-01,true,R(QR),nelder-mead,7.316824e+02,7.196751e-05,1.000000e+00,4.675784e+03,,,,,,
2025-12-08T12:34:51+01:00,diode_test_453_files_1765193684,195,111.35,1.801953e-01,true,R(QR),nelder-mead,7.312200e+02,7.215927e-05,1.000000e+00,4.664615e+03,,,,,,
2025-12-08T12:34:51+01:00,diode_test_453_files_1765193684,196,105.43,1.814274e-01,true,R(QR),nelder-mead,7.310058e+02,7.234500e-05,1.000000e+00,4.653545e+03,,,,,,
2025-12-08T12:34:51+01:00,diode_test_453_files_1765193684,197,91.29,1.826008e-01,true,R(QR),nelder-mead,7.307350e+02,7.251095e-05,1.000000e+00,4.643286e+03,,,,,,
2025-12-08T12:34:51+01:00,diode_test_453_files_1765193684,198,80.08,1.837101e-01,true,R(QR),nelder-mead,7.305135e+02,7.269051e-05,1.000000e+00,4.633481e+03,,,,,,
2025-12-08T12:34:51+01:00,diode_test_453_files_1765193684,199,82.64,1.847452e-01,true,R(QR),nelder-mead,7.302083e+02,7.284443e-05,1.000000e+00,4.624434e+03,,,,,,
2025-12-08T12:34:51+01:00,diode_test_453_files_1765193684,200,64.30,1.857157e-01,true,R(QR),nelder-mead,7.298717e+02,7.297807e-05,1.000000e+00,4.615912e+03,,,,,,
2025-12-08T12:34:51+01:00,diode_test_453_files_1765193684,201,82.80,1.866622e-01,true,R(QR),nelder-mead,7.295918e+02,7.313378e-05,1.000000e+00,4.607705e+03,,,,,,
2025-12-08T12:34:51+01:00,diode_test_453_files_1765193684,202,82.60,1.875201e-01,true,R(QR),nelder-mead,7.294634e+02,7.325729e-05,1.000000e+00,4.600099e+03,,,,,,
2025-12-08T12:34:51+01:00,diode_test_453_files_1765193684,203,71.87,1.883321e-01,true,R(QR),nelder-mead,7.292992e+02,7.337924e-05,1.000000e+00,4.592937e+03,,,,,,
2025-12-08T12:34:51+01:00,diode_test_453_files_1765193684,204,64.30,1.890886e-01,true,R(QR),nelder-mead,7.291310e+02,7.349963e-05,1.000000e+00,4.585971e+03,,,,,,
2025-12-08T12:34:51+01:00,diode_test_453_files_1765193684,205,54.48,1.898287e-01,true,R(QR),nelder-mead,7.289403e+02,7.361818e-05,1.000000e+00,4.579401e+03,,,,,,
2025-12-08T12:34:51+01:00,diode_test_453_files_1765193684,206,52.55,1.904539e-01,true,R(QR),nelder-mead,7.287878e+02,7.371871e-05,1.000000e+00,4.573677e+03,,,,,,
2025-12-08T12:34:51+01:00,diode_test_453_files_1765193684,207,124.83,1.910863e-01,true,R(QR),nelder-mead,7.285989e+02,7.380849e-05,1.000000e+00,4.568237e+03,,,,,,
2025-12-08T12:34:51+01:00,diode_test_453_files_1765193684,208,110.71,1.916583e-01,true,R(QR),nelder-mead,7.284315e+02,7.389485e-05,1.000000e+00,4.563101e+03,,,,,,
2025-12-08T12:34:51+01:00,diode_test_453_files_1765193684,209,112.61,1.921992e-01,true,R(QR),nelder-mead,7.282778e+02,7.399159e-05,1.000000e+00,4.558193e+03,,,,,,
2025-12-08T12:34:51+01:00,diode_test_453_files_1765193684,210,94.23,1.926846e-01,true,R(QR),nelder-mead,7.281629e+02,7.406049e-05,1.000000e+00,4.553880e+03,,,,,,
2025-12-08T12:34:51+01:00,diode_test_453_files_1765193684,211,82.65,1.931721e-01,true,R(QR),nelder-mead,7.279769e+02,7.413314e-05,1.000000e+00,4.549544e+03,,,,,,
2025-12-08T12:34:51+01:00,diode_test_453_files_1765193684,212,73.29,1.935966e-01,true,R(QR),nelder-mead,7.279201e+02,7.419774e-05,1.000000e+00,4.545731e+03,,,,,,
2025-12-08T12:34:51+01:00,diode_test_453_files_1765193684,213,67.63,1.940032e-01,true,R(QR),nelder-mead,7.278356e+02,7.424941e-05,1.000000e+00,4.542244e+03,,,,,,
2025-12-08T12:34:51+01:00,diode_test_453_files_1765193684,214,65.58,1.943785e-01,true,R(QR),nelder-mead,7.277374e+02,7.432096e-05,1.000000e+00,4.538766e+03,,,,,,
2025-12-08T12:34:51+01:00,diode_test_453_files_1765193684,215,68.99,1.947481e-01,true,R(QR),nelder-mead,7.276359e+02,7.436911e-05,1.000000e+00,4.535830e+03,,,,,,
2025-12-08T12:34:51+01:00,diode_test_453_files_1765193684,216,81.51,1.950424e-01,true,R(QR),nelder-mead,7.275558e+02,7.440709e-05,1.000000e+00,4.533192e+03,,,,,,
2025-12-08T12:34:51+01:00,diode_test_453_files_1765193684,217,67.77,1.953743e-01,true,R(QR),nelder-mead,7.274709e+02,7.444451e-05,1.000000e+00,4.530514e+03,,,,,,
2025-12-08T12:34:51+01:00,diode_test_453_files_1765193684,218,74.23,1.956375e-01,true,R(QR),nelder-mead,7.274343e+02,7.449517e-05,1.000000e+00,4.528164e+03,,,,,,
2025-12-08T12:34:51+01:00,diode_test_453_files_1765193684,219,70.31,1.959056e-01,true,R(QR),nelder-mead,7.273860e+02,7.452599e-05,1.000000e+00,4.525773e+03,,,,,,
2025-12-08T12:34:51+01:00,diode_test_453_files_1765193684,220,73.41,1.961837e-01,true,R(QR),nelder-mead,7.274041e+02,7.455764e-05,1.000000e+00,4.523593e+03,,,,,,
2025-12-08T12:34:51+01:00,diode_test_453_files_1765193684,221,81.28,1.964555e-01,true,R(QR),nelder-mead,7.273473e+02,7.458840e-05,1.000000e+00,4.521380e+03,,,,,,
2025-12-08T12:34:51+01:00,diode_test_453_files_1765193684,222,37.90,1.966711e-01,true,R(QR),nelder-mead,7.273819e+02,7.461905e-05,1.000000e+00,4.519732e+03,,,,,,
2025-12-08T12:34:51+01:00,diode_test_453_files_1765193684,223,77.64,1.968594e-01,true,R(QR),nelder-mead,7.273798e+02,7.464893e-05,1.000000e+00,4.517835e+03,,,,,,
2025-12-08T12:34:51+01:00,diode_test_453_files_1765193684,224,60.51,1.970601e-01,true,R(QR),nelder-mead,7.273598e+02,7.466579e-05,1.000000e+00,4.516259e+03,,,,,,
2025-12-08T12:34:51+01:00,diode_test_453_files_1765193684,225,79.10,1.972596e-01,true,R(QR),nelder-mead,7.272912e+02,7.469223e-05,1.000000e+00,4.514717e+03,,,,,,
2025-12-08T12:34:51+01:00,diode_test_453_files_1765193684,226,36.47,1.974890e-01,true,R(QR),nelder-mead,7.272236e+02,7.471035e-05,1.000000e+00,4.513083e+03,,,,,,
2025-12-08T12:34:51+01:00,diode_test_453_files_1765193684,227,64.61,1.976505e-01,true,R(QR),nelder-mead,7.272389e+02,7.472734e-05,1.000000e+00,4.511817e+03,,,,,,
2025-12-08T12:34:51+01:00,diode_test_453_files_1765193684,228,49.22,1.978158e-01,true,R(QR),nelder-mead,7.271874e+02,7.474448e-05,1.000000e+00,4.510515e+03,,,,,,
2025-12-08T12:34:51+01:00,diode_test_453_files_1765193684,229,63.51,1.979938e-01,true,R(QR),nelder-mead,7.271601e+02,7.474872e-05,1.000000e+00,4.509405e+03,,,,,,
2025-12-08T12:34:51+01:00,diode_test_453_files_1765193684,230,83.47,1.981670e-01,true,R(QR),nelder-mead,7.271472e+02,7.477558e-05,1.000000e+00,4.507947e+03,,,,,,
2025-12-08T12:34:51+01:00,diode_test_453_files_1765193684,231,91.28,1.983019e-01,true,R(QR),nelder-mead,7.271323e+02,7.478557e-05,1.000000e+00,4.506927e+03,,,,,,
2025-12-08T12:34:51+01:00,diode_test_453_files_1765193684,232,108.89,1.984663e-01,true,R(QR),nelder-mead,7.271009e+02,7.479773e-05,1.000000e+00,4.505771e+03,,,,,,
2025-12-08T12:34:51+01:00,diode_test_453_files_1765193684,233,91.17,1.986371e-01,true,R(QR),nelder-mead,7.270398e+02,7.480286e-05,1.000000e+00,4.504700e+03,,,,,,
2025-12-08T12:34:51+01:00,diode_test_453_files_1765193684,234,100.92,1.987714e-01,true,R(QR),nelder-mead,7.269781e+02,7.482399e-05,1.000000e+00,4.503828e+03,,,,,,
2025-12-08T12:34:51+01:00,diode_test_453_files_1765193684,235,116.16,1.989159e-01,true,R(QR),nelder-mead,7.269175e+02,7.481679e-05,1.000000e+00,4.503053e+03,,,,,,
2025-12-08T12:34:51+01:00,diode_test_453_files_1765193684,236,149.16,1.991125e-01,true,R(QR),nelder-mead,7.268912e+02,7.482867e-05,1.000000e+00,4.501928e+03,,,,,,
2025-12-08T12:34:51+01:00,diode_test_453_files_1765193684,237,96.41,1.992544e-01,true,R(QR),nelder-mead,7.268483e+02,7.482743e-05,1.000000e+00,4.501242e+03,,,,,,
2025-12-08T12:34:51+01:00,diode_test_453_files_1765193684,238,107.10,1.993864e-01,true,R(QR),nelder-mead,7.267745e+02,7.483902e-05,1.000000e+00,4.500206e+03,,,,,,
2025-12-08T12:34:51+01:00,diode_test_453_files_1765193684,239,97.87,1.995394e-01,true,R(QR),nelder-mead,7.268184e+02,7.484318e-05,1.000000e+00,4.499365e+03,,,,,,
2025-12-08T12:34:51+01:00,diode_test_453_files_1765193684,240,95.57,1.996875e-01,true,R(QR),nelder-mead,7.269559e+02,7.484348e-05,1.000000e+00,4.498406e+03,,,,,,
2025-12-08T12:34:51+01:00,diode_test_453_files_1765193684,241,118.62,1.998302e-01,true,R(QR),nelder-mead,7.268952e+02,7.483924e-05,1.000000e+00,4.497794e+03,,,,,,
2025-12-08T12:34:51+01:00,diode_test_453_files_1765193684,242,86.15,1.999537e-01,true,R(QR),nelder-mead,7.269023e+02,7.484088e-05,1.000000e+00,4.497012e+03,,,,,,
2025-12-08T12:34:51+01:00,diode_test_453_files_1765193684,243,65.14,2.001061e-01,true,R(QR),nelder-mead,7.268369e+02,7.486602e-05,1.000000e+00,4.496248e+03,,,,,,
2025-12-08T12:34:51+01:00,diode_test_453_files_1765193684,244,99.58,2.002417e-01,true,R(QR),nelder-mead,7.268477e+02,7.486751e-05,1.000000e+00,4.495435e+03,,,,,,
2025-12-08T12:34:51+01:00,diode_test_453_files_1765193684,245,110.14,2.003810e-01,true,R(QR),nelder-mead,7.267872e+02,7.484470e-05,1.000000e+00,4.495071e+03,,,,,,
2025-12-08T12:34:51+01:00,diode_test_453_files_1765193684,246,71.55,2.004822e-01,true,R(QR),nelder-mead,7.268832e+02,7.485580e-05,1.000000e+00,4.494164e+03,,,,,,
2025-12-08T12:34:51+01:00,diode_test_453_files_1765193684,247,126.00,2.006113e-01,true,R(QR),nelder-mead,7.267670e+02,7.483085e-05,1.000000e+00,4.493873e+03,,,,,,
2025-12-08T12:34:51+01:00,diode_test_453_files_1765193684,248,36.75,2.006765e-01,true,R(QR),nelder-mead,7.267953e+02,7.483982e-05,1.000000e+00,4.493692e+03,,,,,,
2025-12-08T12:34:51+01:00,diode_test_453_files_1765193684,249,37.62,2.008002e-01,true,R(QR),nelder-mead,7.267840e+02,7.483143e-05,1.000000e+00,4.493118e+03,,,,,,
2025-12-08T12:34:51+01:00,diode_test_453_files_1765193684,250,94.50,2.008470e-01,true,R(QR),nelder-mead,7.267557e+02,7.482769e-05,1.000000e+00,4.493045e+03,,,,,,
2025-12-08T12:34:51+01:00,diode_test_453_files_1765193684,251,67.54,2.009291e-01,true,R(QR),nelder-mead,7.267918e+02,7.482030e-05,1.000000e+00,4.492712e+03,,,,,,
2025-12-08T12:34:51+01:00,diode_test_453_files_1765193684,252,123.64,2.009505e-01,true,R(QR),nelder-mead,7.267978e+02,7.483566e-05,1.000000e+00,4.492775e+03,,,,,,
2025-12-08T12:34:51+01:00,diode_test_453_files_1765193684,253,92.70,2.009787e-01,true,R(QR),nelder-mead,7.267401e+02,7.483300e-05,1.000000e+00,4.492437e+03,,,,,,
2025-12-08T12:34:51+01:00,diode_test_453_files_1765193684,254,113.84,2.009868e-01,true,R(QR),nelder-mead,7.267729e+02,7.481888e-05,1.000000e+00,4.492487e+03,,,,,,
2025-12-08T12:34:51+01:00,diode_test_453_files_1765193684,255,108.70,2.009308e-01,true,R(QR),nelder-mead,7.270736e+02,7.483328e-05,1.000000e+00,4.494002e+03,,,,,,
2025-12-08T12:34:51+01:00,diode_test_453_files_1765193684,256,138.47,2.008923e-01,true,R(QR),nelder-mead,7.267879e+02,7.482671e-05,1.000000e+00,4.493023e+03,,,,,,
2025-12-08T12:34:51+01:00,diode_test_453_files_1765193684,257,115.03,2.007966e-01,true,R(QR),nelder-mead,7.267871e+02,7.483118e-05,1.000000e+00,4.493856e+03,,,,,,
2025-12-08T12:34:51+01:00,diode_test_453_files_1765193684,258,103.84,2.006818e-01,true,R(QR),nelder-mead,7.269216e+02,7.480963e-05,1.000000e+00,4.494240e+03,,,,,,
2025-12-08T12:34:51+01:00,diode_test_453_files_1765193684,259,113.11,2.005501e-01,true,R(QR),nelder-mead,7.269273e+02,7.480792e-05,1.000000e+00,4.494899e+03,,,,,,
2025-12-08T12:34:51+01:00,diode_test_453_files_1765193684,260,79.08,2.003938e-01,true,R(QR),nelder-mead,7.269623e+02,7.478390e-05,1.000000e+00,4.495955e+03,,,,,,
2025-12-08T12:34:51+01:00,diode_test_453_files_1765193684,261,75.91,2.001977e-01,true,R(QR),nelder-mead,7.269374e+02,7.480249e-05,1.000000e+00,4.497016e+03,,,,,,
2025-12-08T12:34:51+01:00,diode_test_453_files_1765193684,262,97.60,2.000210e-01,true,R(QR),nelder-mead,7.269090e+02,7.480628e-05,1.000000e+00,4.498157e+03,,,,,,
2025-12-08T12:34:51+01:00,diode_test_453_files_1765193684,263,84.88,1.998504e-01,true,R(QR),nelder-mead,7.270164e+02,7.479276e-05,1.000000e+00,4.499200e+03,,,,,,
2025-12-08T12:34:51+01:00,diode_test_453_files_1765193684,264,97.43,1.996341e-01,true,R(QR),nelder-mead,7.269502e+02,7.477349e-05,1.000000e+00,4.500744e+03,,,,,,
2025-12-08T12:34:51+01:00,diode_test_453_files_1765193684,265,33.87,1.993583e-01,true,R(QR),nelder-mead,7.270030e+02,7.478290e-05,1.000000e+00,4.502371e+03,,,,,,
2025-12-08T12:34:51+01:00,diode_test_453_files_1765193684,266,69.94,1.990704e-01,true,R(QR),nelder-mead,7.270539e+02,7.472965e-05,1.000000e+00,4.504377e+03,,,,,,
2025-12-08T12:34:51+01:00,diode_test_453_files_1765193684,267,80.41,1.988067e-01,true,R(QR),nelder-mead,7.271332e+02,7.473354e-05,1.000000e+00,4.506145e+03,,,,,,
2025-12-08T12:34:51+01:00,diode_test_453_files_1765193684,268,82.12,1.984723e-01,true,R(QR),nelder-mead,7.272004e+02,7.471804e-05,1.000000e+00,4.508240e+03,,,,,,
2025-12-08T12:34:51+01:00,diode_test_453_files_1765193684,269,88.36,1.981456e-01,true,R(QR),nelder-mead,7.270926e+02,7.467803e-05,1.000000e+00,4.510785e+03,,,,,,
2025-12-08T12:34:51+01:00,diode_test_453_files_1765193684,270,75.63,1.977388e-01,true,R(QR),nelder-mead,7.273089e+02,7.465933e-05,1.000000e+00,4.513663e+03,,,,,,
2025-12-08T12:34:51+01:00,diode_test_453_files_1765193684,271,83.66,1.973277e-01,true,R(QR),nelder-mead,7.274112e+02,7.463020e-05,1.000000e+00,4.516491e+03,,,,,,
2025-12-08T12:34:51+01:00,diode_test_453_files_1765193684,272,67.76,1.968805e-01,true,R(QR),nelder-mead,7.274912e+02,7.458040e-05,1.000000e+00,4.520140e+03,,,,,,
2025-12-08T12:34:51+01:00,diode_test_453_files_1765193684,273,55.51,1.964093e-01,true,R(QR),nelder-mead,7.275886e+02,7.452595e-05,1.000000e+00,4.523488e+03,,,,,,
2025-12-08T12:34:51+01:00,diode_test_453_files_1765193684,274,73.41,1.959041e-01,true,R(QR),nelder-mead,7.277430e+02,7.447913e-05,1.000000e+00,4.527795e+03,,,,,,
2025-12-08T12:34:51+01:00,diode_test_453_files_1765193684,275,52.10,1.953027e-01,true,R(QR),nelder-mead,7.278525e+02,7.440650e-05,1.000000e+00,4.532461e+03,,,,,,
2025-12-08T12:34:51+01:00,diode_test_453_files_1765193684,276,65.16,1.946541e-01,true,R(QR),nelder-mead,7.281345e+02,7.434067e-05,1.000000e+00,4.537397e+03,,,,,,
2025-12-08T12:34:51+01:00,diode_test_453_files_1765193684,277,54.58,1.939645e-01,true,R(QR),nelder-mead,7.283047e+02,7.425290e-05,1.000000e+00,4.543095e+03,,,,,,
2025-12-08T12:34:51+01:00,diode_test_453_files_1765193684,278,63.60,1.931865e-01,true,R(QR),nelder-mead,7.285169e+02,7.416421e-05,1.000000e+00,4.549490e+03,,,,,,
2025-12-08T12:34:51+01:00,diode_test_453_files_1765193684,279,58.25,1.923649e-01,true,R(QR),nelder-mead,7.287013e+02,7.407775e-05,1.000000e+00,4.556335e+03,,,,,,
2025-12-08T12:34:51+01:00,diode_test_453_files_1765193684,280,76.31,1.914338e-01,true,R(QR),nelder-mead,7.288169e+02,7.395619e-05,1.000000e+00,4.564012e+03,,,,,,
2025-12-08T12:34:51+01:00,diode_test_453_files_1765193684,281,59.30,1.904037e-01,true,R(QR),nelder-mead,7.290789e+02,7.382238e-05,1.000000e+00,4.572776e+03,,,,,,
2025-12-08T12:34:51+01:00,diode_test_453_files_1765193684,282,83.34,1.893123e-01,true,R(QR),nelder-mead,7.292576e+02,7.367633e-05,1.000000e+00,4.582034e+03,,,,,,
2025-12-08T12:34:51+01:00,diode_test_453_files_1765193684,283,65.74,1.881049e-01,true,R(QR),nelder-mead,7.295985e+02,7.351404e-05,1.000000e+00,4.592398e+03,,,,,,
2025-12-08T12:34:51+01:00,diode_test_453_files_1765193684,284,68.49,1.867182e-01,true,R(QR),nelder-mead,7.298552e+02,7.332076e-05,1.000000e+00,4.604100e+03,,,,,,
2025-12-08T12:34:51+01:00,diode_test_453_files_1765193684,285,66.53,1.852140e-01,true,R(QR),nelder-mead,7.302630e+02,7.313916e-05,1.000000e+00,4.616363e+03,,,,,,
2025-12-08T12:34:51+01:00,diode_test_453_files_1765193684,286,64.48,1.835673e-01,true,R(QR),nelder-mead,7.305443e+02,7.290894e-05,1.000000e+00,4.630662e+03,,,,,,
2025-12-08T12:34:51+01:00,diode_test_453_files_1765193684,287,54.55,6.264530e-01,true,R(QR),nelder-mead,7.324300e+03,2.922075e-04,1.000000e-01,6.153029e+04,,,,,,
2025-12-08T12:34:51+01:00,diode_test_453_files_1765193684,288,86.49,1.796766e-01,true,R(QR),nelder-mead,7.314391e+02,7.237753e-05,1.000000e+00,4.663403e+03,,,,,,
2025-12-08T12:34:51+01:00,diode_test_453_files_1765193684,289,78.25,1.773776e-01,true,R(QR),nelder-mead,7.318822e+02,7.207905e-05,1.000000e+00,4.682743e+03,,,,,,
2025-12-08T12:34:51+01:00,diode_test_453_files_1765193684,290,66.74,1.749525e-01,true,R(QR),nelder-mead,7.324733e+02,7.173352e-05,1.000000e+00,4.703506e+03,,,,,,
2025-12-08T12:34:51+01:00,diode_test_453_files_1765193684,291,60.49,1.722196e-01,true,R(QR),nelder-mead,7.329760e+02,7.137024e-05,1.000000e+00,4.726633e+03,,,,,,
2025-12-08T12:34:51+01:00,diode_test_453_files_1765193684,292,62.03,1.691434e-01,true,R(QR),nelder-mead,7.337657e+02,7.095093e-05,1.000000e+00,4.752556e+03,,,,,,
2025-12-08T12:34:51+01:00,diode_test_453_files_1765193684,293,84.24,1.657750e-01,true,R(QR),nelder-mead,7.344903e+02,7.049827e-05,1.000000e+00,4.780135e+03,,,,,,
2025-12-08T12:34:51+01:00,diode_test_453_files_1765193684,294,70.31,1.621201e-01,true,R(QR),nelder-mead,7.353690e+02,7.001121e-05,1.000000e+00,4.809878e+03,,,,,,
2025-12-08T12:34:51+01:00,diode_test_453_files_1765193684,295,67.66,1.581028e-01,true,R(QR),nelder-mead,7.361730e+02,6.949746e-05,1.000000e+00,4.842292e+03,,,,,,
2025-12-08T12:34:51+01:00,diode_test_453_files_1765193684,296,59.73,1.536706e-01,true,R(QR),nelder-mead,7.370805e+02,6.893760e-05,1.000000e+00,4.877742e+03,,,,,,
2025-12-08T12:34:51+01:00,diode_test_453_files_1765193684,297,71.11,1.488399e-01,true,R(QR),nelder-mead,7.381268e+02,6.832558e-05,1.000000e+00,4.915443e+03,,,,,,
2025-12-08T12:34:51+01:00,diode_test_453_files_1765193684,298,65.80,1.436514e-01,true,R(QR),nelder-mead,7.390768e+02,6.767521e-05,1.000000e+00,4.955790e+03,,,,,,
2025-12-08T12:34:51+01:00,diode_test_453_files_1765193684,299,58.78,1.380405e-01,true,R(QR),nelder-mead,7.401798e+02,6.700984e-05,1.000000e+00,4.997988e+03,,,,,,
2025-12-08T12:34:51+01:00,diode_test_453_files_1765193684,300,85.82,1.320578e-01,true,R(QR),nelder-mead,7.412840e+02,6.632770e-05,1.000000e+00,5.041778e+03,,,,,,
2025-12-08T12:34:51+01:00,diode_test_453_files_1765193684,301,65.32,1.257029e-01,true,R(QR),nelder-mead,7.424195e+02,6.562487e-05,1.000000e+00,5.086495e+03,,,,,,
2025-12-08T12:34:51+01:00,diode_test_453_files_1765193684,302,73.14,1.191080e-01,true,R(QR),nelder-mead,7.435806e+02,6.493658e-05,1.000000e+00,5.131666e+03,,,,,,
2025-12-08T12:34:51+01:00,diode_test_453_files_1765193684,303,65.18,1.122381e-01,true,R(QR),nelder-mead,7.446936e+02,6.425255e-05,1.000000e+00,5.175731e+03,,,,,,
2025-12-08T12:34:51+01:00,diode_test_453_files_1765193684,304,65.30,1.052467e-01,true,R(QR),nelder-mead,7.457517e+02,6.362272e-05,1.000000e+00,5.217668e+03,,,,,,
2025-12-08T12:34:51+01:00,diode_test_453_files_1765193684,305,64.50,9.817445e-02,true,R(QR),nelder-mead,7.468210e+02,6.304646e-05,1.000000e+00,5.256855e+03,,,,,,
2025-12-08T12:34:51+01:00,diode_test_453_files_1765193684,306,69.32,9.119062e-02,true,R(QR),nelder-mead,7.476053e+02,6.254354e-05,1.000000e+00,5.292161e+03,,,,,,
2025-12-08T12:34:51+01:00,diode_test_453_files_1765193684,307,48.33,8.434644e-02,true,R(QR),nelder-mead,7.483652e+02,6.212815e-05,1.000000e+00,5.322628e+03,,,,,,
2025-12-08T12:34:51+01:00,diode_test_453_files_1765193684,308,59.70,7.769726e-02,true,R(QR),nelder-mead,7.489078e+02,6.181690e-05,1.000000e+00,5.347350e+03,,,,,,
2025-12-08T12:34:51+01:00,diode_test_453_files_1765193684,309,54.31,7.139845e-02,true,R(QR),nelder-mead,7.492847e+02,6.159540e-05,1.000000e+00,5.366668e+03,,,,,,
2025-12-08T12:34:51+01:00,diode_test_453_files_1765193684,310,50.94,6.545856e-02,true,R(QR),nelder-mead,7.496591e+02,6.149497e-05,1.000000e+00,5.379696e+03,,,,,,
2025-12-08T12:34:51+01:00,diode_test_453_files_1765193684,311,54.28,5.996035e-02,true,R(QR),nelder-mead,7.498269e+02,6.152995e-05,1.000000e+00,5.386054e+03,,,,,,
2025-12-08T12:34:51+01:00,diode_test_453_files_1765193684,312,48.08,5.486452e-02,true,R(QR),nelder-mead,7.497078e+02,6.164416e-05,1.000000e+00,5.387038e+03,,,,,,
2025-12-08T12:34:51+01:00,diode_test_453_files_1765193684,313,54.92,5.027668e-02,true,R(QR),nelder-mead,7.497298e+02,6.188510e-05,1.000000e+00,5.381945e+03,,,,,,
2025-12-08T12:34:51+01:00,diode_test_453_files_1765193684,314,52.90,4.612153e-02,true,R(QR),nelder-mead,7.493443e+02,6.220864e-05,1.000000e+00,5.372607e+03,,,,,,
2025-12-08T12:34:51+01:00,diode_test_453_files_1765193684,315,53.54,4.245379e-02,true,R(QR),nelder-mead,7.489569e+02,6.259786e-05,1.000000e+00,5.359552e+03,,,,,,
2025-12-08T12:34:51+01:00,diode_test_453_files_1765193684,316,63.22,3.919803e-02,true,R(QR),nelder-mead,7.484519e+02,6.310648e-05,1.000000e+00,5.342448e+03,,,,,,
2025-12-08T12:34:51+01:00,diode_test_453_files_1765193684,317,56.90,3.634851e-02,true,R(QR),nelder-mead,7.478804e+02,6.363005e-05,1.000000e+00,5.323330e+03,,,,,,
2025-12-08T12:34:51+01:00,diode_test_453_files_1765193684,318,67.90,3.383584e-02,true,R(QR),nelder-mead,7.473086e+02,6.423375e-05,1.000000e+00,5.302292e+03,,,,,,
2025-12-08T12:34:51+01:00,diode_test_453_files_1765193684,319,118.93,3.165731e-02,true,R(QR),nelder-mead,7.466191e+02,6.485612e-05,1.000000e+00,5.280149e+03,,,,,,
2025-12-08T12:34:51+01:00,diode_test_453_files_1765193684,320,90.69,2.973076e-02,true,R(QR),nelder-mead,7.460415e+02,6.554713e-05,1.000000e+00,5.256428e+03,,,,,,
2025-12-08T12:34:51+01:00,diode_test_453_files_1765193684,321,103.35,2.806584e-02,true,R(QR),nelder-mead,7.454638e+02,6.622173e-05,1.000000e+00,5.232892e+03,,,,,,
2025-12-08T12:34:51+01:00,diode_test_453_files_1765193684,322,108.04,2.660255e-02,true,R(QR),nelder-mead,7.447765e+02,6.691443e-05,1.000000e+00,5.209901e+03,,,,,,
2025-12-08T12:34:51+01:00,diode_test_453_files_1765193684,323,87.66,2.531175e-02,true,R(QR),nelder-mead,7.441656e+02,6.761538e-05,1.000000e+00,5.186198e+03,,,,,,
2025-12-08T12:34:51+01:00,diode_test_453_files_1765193684,324,85.12,2.422256e-02,true,R(QR),nelder-mead,7.435111e+02,6.833132e-05,1.000000e+00,5.163251e+03,,,,,,
2025-12-08T12:34:51+01:00,diode_test_453_files_1765193684,325,85.08,2.327790e-02,true,R(QR),nelder-mead,7.427560e+02,6.902725e-05,1.000000e+00,5.140860e+03,,,,,,
2025-12-08T12:34:51+01:00,diode_test_453_files_1765193684,326,67.81,2.244000e-02,true,R(QR),nelder-mead,7.422298e+02,6.969363e-05,1.000000e+00,5.118983e+03,,,,,,
2025-12-08T12:34:51+01:00,diode_test_453_files_1765193684,327,55.12,2.171658e-02,true,R(QR),nelder-mead,7.416780e+02,7.040402e-05,1.000000e+00,5.097769e+03,,,,,,
2025-12-08T12:34:51+01:00,diode_test_453_files_1765193684,328,71.06,2.107370e-02,true,R(QR),nelder-mead,7.411161e+02,7.107583e-05,1.000000e+00,5.076999e+03,,,,,,
2025-12-08T12:34:51+01:00,diode_test_453_files_1765193684,329,60.42,2.053085e-02,true,R(QR),nelder-mead,7.406129e+02,7.170628e-05,1.000000e+00,5.057763e+03,,,,,,
2025-12-08T12:34:51+01:00,diode_test_453_files_1765193684,330,56.74,2.002812e-02,true,R(QR),nelder-mead,7.400545e+02,7.238349e-05,1.000000e+00,5.038319e+03,,,,,,
2025-12-08T12:34:51+01:00,diode_test_453_files_1765193684,331,52.08,1.960213e-02,true,R(QR),nelder-mead,7.396366e+02,7.299976e-05,1.000000e+00,5.020333e+03,,,,,,
2025-12-08T12:34:51+01:00,diode_test_453_files_1765193684,332,50.92,1.921377e-02,true,R(QR),nelder-mead,7.392725e+02,7.361141e-05,1.000000e+00,5.002638e+03,,,,,,
2025-12-08T12:34:51+01:00,diode_test_453_files_1765193684,333,65.33,1.887125e-02,true,R(QR),nelder-mead,7.388105e+02,7.423093e-05,1.000000e+00,4.985514e+03,,,,,,
2025-12-08T12:34:51+01:00,diode_test_453_files_1765193684,334,55.17,1.857801e-02,true,R(QR),nelder-mead,7.383931e+02,7.478429e-05,1.000000e+00,4.969868e+03,,,,,,
2025-12-08T12:34:51+01:00,diode_test_453_files_1765193684,335,48.63,1.832005e-02,true,R(QR),nelder-mead,7.380115e+02,7.535486e-05,1.000000e+00,4.954368e+03,,,,,,
2025-12-08T12:34:51+01:00,diode_test_453_files_1765193684,336,53.31,1.808393e-02,true,R(QR),nelder-mead,7.375117e+02,7.585181e-05,1.000000e+00,4.940236e+03,,,,,,
2025-12-08T12:34:51+01:00,diode_test_453_files_1765193684,337,47.36,1.788354e-02,true,R(QR),nelder-mead,7.372644e+02,7.638227e-05,1.000000e+00,4.926201e+03,,,,,,
2025-12-08T12:34:51+01:00,diode_test_453_files_1765193684,338,51.12,1.771643e-02,true,R(QR),nelder-mead,7.367959e+02,7.689405e-05,1.000000e+00,4.912873e+03,,,,,,
2025-12-08T12:34:51+01:00,diode_test_453_files_1765193684,339,41.30,1.755208e-02,true,R(QR),nelder-mead,7.364358e+02,7.735632e-05,1.000000e+00,4.900354e+03,,,,,,
2025-12-08T12:34:51+01:00,diode_test_453_files_1765193684,340,48.45,1.740807e-02,true,R(QR),nelder-mead,7.361519e+02,7.782714e-05,1.000000e+00,4.888020e+03,,,,,,
2025-12-08T12:34:51+01:00,diode_test_453_files_1765193684,341,49.10,1.727498e-02,true,R(QR),nelder-mead,7.358160e+02,7.829373e-05,1.000000e+00,4.876048e+03,,,,,,
2025-12-08T12:34:51+01:00,diode_test_453_files_1765193684,342,48.43,1.716158e-02,true,R(QR),nelder-mead,7.353933e+02,7.871713e-05,1.000000e+00,4.865172e+03,,,,,,
2025-12-08T12:34:51+01:00,diode_test_453_files_1765193684,343,50.66,1.705598e-02,true,R(QR),nelder-mead,7.351947e+02,7.913898e-05,1.000000e+00,4.854396e+03,,,,,,
2025-12-08T12:34:51+01:00,diode_test_453_files_1765193684,344,45.14,1.696479e-02,true,R(QR),nelder-mead,7.349056e+02,7.952533e-05,1.000000e+00,4.844200e+03,,,,,,
2025-12-08T12:34:51+01:00,diode_test_453_files_1765193684,345,54.73,1.688875e-02,true,R(QR),nelder-mead,7.346865e+02,7.993794e-05,1.000000e+00,4.834571e+03,,,,,,
2025-12-08T12:34:51+01:00,diode_test_453_files_1765193684,346,60.74,1.682250e-02,true,R(QR),nelder-mead,7.343340e+02,8.032130e-05,1.000000e+00,4.825077e+03,,,,,,
2025-12-08T12:34:51+01:00,diode_test_453_files_1765193684,347,47.46,1.675387e-02,true,R(QR),nelder-mead,7.342129e+02,8.068667e-05,1.000000e+00,4.815923e+03,,,,,,
2025-12-08T12:34:51+01:00,diode_test_453_files_1765193684,348,53.47,1.668916e-02,true,R(QR),nelder-mead,7.339639e+02,8.103973e-05,1.000000e+00,4.807460e+03,,,,,,
2025-12-08T12:34:51+01:00,diode_test_453_files_1765193684,349,43.72,1.663533e-02,true,R(QR),nelder-mead,7.336802e+02,8.139073e-05,1.000000e+00,4.799116e+03,,,,,,
2025-12-08T12:34:51+01:00,diode_test_453_files_1765193684,350,57.06,9.759567e-02,true,R(QR),nelder-mead,5.027581e+02,6.874175e-05,9.928855e-01,5.059049e+03,,,,,,
2025-12-08T12:34:51+01:00,diode_test_453_files_1765193684,351,56.77,9.106733e-02,true,R(QR),nelder-mead,5.014406e+02,6.908396e-05,9.906210e-01,5.123116e+03,,,,,,
2025-12-08T12:34:51+01:00,diode_test_453_files_1765193684,352,58.22,8.495882e-02,true,R(QR),nelder-mead,5.003083e+02,6.977502e-05,9.929235e-01,5.125459e+03,,,,,,
2025-12-08T12:34:51+01:00,diode_test_453_files_1765193684,353,62.84,7.798403e-02,true,R(QR),nelder-mead,4.958635e+02,6.872926e-05,9.989555e-01,5.175146e+03,,,,,,
2025-12-08T12:34:51+01:00,diode_test_453_files_1765193684,354,72.67,7.140426e-02,true,R(QR),nelder-mead,4.962092e+02,6.724547e-05,1.000000e+00,5.217654e+03,,,,,,
2025-12-08T12:34:51+01:00,diode_test_453_files_1765193684,355,59.58,6.601375e-02,true,R(QR),nelder-mead,4.963187e+02,6.850738e-05,1.000000e+00,5.235408e+03,,,,,,
2025-12-08T12:34:51+01:00,diode_test_453_files_1765193684,356,77.42,6.093036e-02,true,R(QR),nelder-mead,4.969707e+02,6.697273e-05,1.000000e+00,5.263350e+03,,,,,,
2025-12-08T12:34:51+01:00,diode_test_453_files_1765193684,357,81.75,5.263244e-02,true,R(QR),nelder-mead,4.994014e+02,6.673027e-05,1.000000e+00,5.276999e+03,,,,,,
2025-12-08T12:34:51+01:00,diode_test_453_files_1765193684,358,70.95,4.863795e-02,true,R(QR),nelder-mead,4.978861e+02,6.603491e-05,1.000000e+00,5.288004e+03,,,,,,
2025-12-08T12:34:51+01:00,diode_test_453_files_1765193684,359,77.53,4.372673e-02,true,R(QR),nelder-mead,4.989018e+02,6.842919e-05,1.000000e+00,5.275861e+03,,,,,,
2025-12-08T12:34:51+01:00,diode_test_453_files_1765193684,360,68.03,3.812187e-02,true,R(QR),nelder-mead,4.989502e+02,6.857460e-05,1.000000e+00,5.291405e+03,,,,,,
2025-12-08T12:34:51+01:00,diode_test_453_files_1765193684,361,65.02,3.351600e-02,true,R(QR),nelder-mead,4.982103e+02,6.764695e-05,1.000000e+00,5.289753e+03,,,,,,
2025-12-08T12:34:51+01:00,diode_test_453_files_1765193684,362,49.59,3.171377e-02,true,R(QR),nelder-mead,4.963145e+02,6.780694e-05,1.000000e+00,5.279863e+03,,,,,,
2025-12-08T12:34:51+01:00,diode_test_453_files_1765193684,363,60.52,2.705191e-02,true,R(QR),nelder-mead,4.965880e+02,6.799836e-05,1.000000e+00,5.266243e+03,,,,,,
2025-12-08T12:34:51+01:00,diode_test_453_files_1765193684,364,58.31,2.421570e-02,true,R(QR),nelder-mead,4.975025e+02,6.854042e-05,1.000000e+00,5.257116e+03,,,,,,
2025-12-08T12:34:51+01:00,diode_test_453_files_1765193684,365,66.24,2.088287e-02,true,R(QR),nelder-mead,4.961332e+02,6.977468e-05,1.000000e+00,5.234501e+03,,,,,,
2025-12-08T12:34:51+01:00,diode_test_453_files_1765193684,366,98.22,1.872141e-02,true,R(QR),nelder-mead,4.966975e+02,6.926525e-05,1.000000e+00,5.213187e+03,,,,,,
2025-12-08T12:34:51+01:00,diode_test_453_files_1765193684,367,56.51,1.663845e-02,true,R(QR),nelder-mead,4.965940e+02,6.943287e-05,1.000000e+00,5.223061e+03,,,,,,
2025-12-08T12:34:51+01:00,diode_test_453_files_1765193684,368,56.12,1.449457e-02,true,R(QR),nelder-mead,4.966998e+02,7.161231e-05,1.000000e+00,5.188977e+03,,,,,,
2025-12-08T12:34:51+01:00,diode_test_453_files_1765193684,369,11.16,1.264920e-02,true,R(QR),nelder-mead,4.945683e+02,-3.429352e-08,1.000000e+00,5.170072e+03,,,,,,
2025-12-08T12:34:51+01:00,diode_test_453_files_1765193684,370,11.22,1.159546e-02,true,R(QR),nelder-mead,4.948922e+02,-3.426116e-08,1.000000e+00,5.146467e+03,,,,,,
2025-12-08T12:34:51+01:00,diode_test_453_files_1765193684,371,11.07,1.059403e-02,true,R(QR),nelder-mead,4.937337e+02,-3.418472e-08,1.000000e+00,5.118853e+03,,,,,,
2025-12-08T12:34:51+01:00,diode_test_453_files_1765193684,372,15.18,9.183529e-03,true,R(QR),nelder-mead,4.936580e+02,-3.409531e-08,1.000000e+00,5.106273e+03,,,,,,
2025-12-08T12:34:51+01:00,diode_test_453_files_1765193684,373,9.57,8.275324e-03,true,R(QR),nelder-mead,4.948889e+02,-3.409959e-08,1.000000e+00,5.082574e+03,,,,,,
2025-12-08T12:34:51+01:00,diode_test_453_files_1765193684,374,12.21,7.408871e-03,true,R(QR),nelder-mead,4.904700e+02,-3.401595e-08,1.000000e+00,5.066869e+03,,,,,,
2025-12-08T12:34:51+01:00,diode_test_453_files_1765193684,375,12.87,6.238679e-03,true,R(QR),nelder-mead,4.904857e+02,-3.399256e-08,1.000000e+00,5.028711e+03,,,,,,
2025-12-08T12:34:51+01:00,diode_test_453_files_1765193684,376,16.37,5.759889e-03,true,R(QR),nelder-mead,4.905678e+02,-3.384526e-08,1.000000e+00,5.019521e+03,,,,,,
2025-12-08T12:34:51+01:00,diode_test_453_files_1765193684,377,8.02,5.308881e-03,true,R(QR),nelder-mead,4.928977e+02,-3.385958e-08,1.000000e+00,5.024999e+03,,,,,,
2025-12-08T12:34:51+01:00,diode_test_453_files_1765193684,378,11.83,5.099719e-03,true,R(QR),nelder-mead,4.905039e+02,-3.392166e-08,1.000000e+00,4.983690e+03,,,,,,
2025-12-08T12:34:51+01:00,diode_test_453_files_1765193684,379,12.76,4.400526e-03,true,R(QR),nelder-mead,4.889017e+02,-3.388263e-08,1.000000e+00,4.987624e+03,,,,,,
2025-12-08T12:34:51+01:00,diode_test_453_files_1765193684,380,12.24,3.947134e-03,true,R(QR),nelder-mead,4.890167e+02,-3.381855e-08,1.000000e+00,4.968651e+03,,,,,,
2025-12-08T12:34:51+01:00,diode_test_453_files_1765193684,381,10.93,3.859607e-03,true,R(QR),nelder-mead,4.895917e+02,-3.379756e-08,1.000000e+00,4.950604e+03,,,,,,
2025-12-08T12:34:51+01:00,diode_test_453_files_1765193684,382,16.66,3.417940e-03,true,R(QR),nelder-mead,4.878681e+02,-3.378824e-08,1.000000e+00,4.955261e+03,,,,,,
2025-12-08T12:34:51+01:00,diode_test_453_files_1765193684,383,15.89,2.930116e-03,true,R(QR),nelder-mead,4.894242e+02,-3.403382e-08,1.000000e+00,4.929091e+03,,,,,,
2025-12-08T12:34:51+01:00,diode_test_453_files_1765193684,384,18.89,2.792584e-03,true,R(QR),nelder-mead,4.867370e+02,-3.393724e-08,1.000000e+00,4.932447e+03,,,,,,
2025-12-08T12:34:51+01:00,diode_test_453_files_1765193684,385,16.73,2.758850e-03,true,R(QR),nelder-mead,4.917984e+02,-3.384255e-08,1.000000e+00,4.901252e+03,,,,,,
2025-12-08T12:34:51+01:00,diode_test_453_files_1765193684,386,17.60,2.435392e-03,true,R(QR),nelder-mead,4.875141e+02,-3.357050e-08,1.000000e+00,4.904843e+03,,,,,,
2025-12-08T12:34:51+01:00,diode_test_453_files_1765193684,387,15.25,2.288107e-03,true,R(QR),nelder-mead,4.862288e+02,-3.365634e-08,1.000000e+00,4.885402e+03,,,,,,
2025-12-08T12:34:51+01:00,diode_test_453_files_1765193684,388,14.95,2.005737e-03,true,R(QR),nelder-mead,4.868227e+02,-3.356373e-08,1.000000e+00,4.883008e+03,,,,,,
2025-12-08T12:34:51+01:00,diode_test_453_files_1765193684,389,14.47,1.894609e-03,true,R(QR),nelder-mead,4.871951e+02,-3.361932e-08,1.000000e+00,4.860520e+03,,,,,,
2025-12-08T12:34:51+01:00,diode_test_453_files_1765193684,390,12.11,1.765015e-03,true,R(QR),nelder-mead,4.872050e+02,-3.356053e-08,1.000000e+00,4.860629e+03,,,,,,
2025-12-08T12:34:51+01:00,diode_test_453_files_1765193684,391,12.80,1.661691e-03,true,R(QR),nelder-mead,4.883429e+02,-3.348738e-08,1.000000e+00,4.839857e+03,,,,,,
2025-12-08T12:34:51+01:00,diode_test_453_files_1765193684,392,13.52,1.492146e-03,true,R(QR),nelder-mead,4.858937e+02,-3.349748e-08,1.000000e+00,4.842748e+03,,,,,,
2025-12-08T12:34:51+01:00,diode_test_453_files_1765193684,393,14.36,1.388301e-03,true,R(QR),nelder-mead,4.865653e+02,-3.354316e-08,1.000000e+00,4.843589e+03,,,,,,
2025-12-08T12:34:51+01:00,diode_test_453_files_1765193684,394,13.33,1.261959e-03,true,R(QR),nelder-mead,4.841532e+02,-3.345010e-08,1.000000e+00,4.829040e+03,,,,,,
2025-12-08T12:34:51+01:00,diode_test_453_files_1765193684,395,13.38,1.426708e-03,true,R(QR),nelder-mead,4.859028e+02,-3.358255e-08,1.000000e+00,4.814031e+03,,,,,,
2025-12-08T12:34:51+01:00,diode_test_453_files_1765193684,396,10.88,1.248606e-03,true,R(QR),nelder-mead,4.839274e+02,-3.339034e-08,1.000000e+00,4.804863e+03,,,,,,
2025-12-08T12:34:51+01:00,diode_test_453_files_1765193684,397,9.83,1.115488e-03,true,R(QR),nelder-mead,4.847230e+02,-3.366057e-08,1.000000e+00,4.800141e+03,,,,,,
2025-12-08T12:34:51+01:00,diode_test_453_files_1765193684,398,13.52,9.772602e-04,true,R(QR),nelder-mead,4.842313e+02,-3.329813e-08,1.000000e+00,4.801619e+03,,,,,,
2025-12-08T12:34:51+01:00,diode_test_453_files_1765193684,399,15.97,9.232044e-04,true,R(QR),nelder-mead,4.838656e+02,-3.357704e-08,1.000000e+00,4.777630e+03,,,,,,
2025-12-08T12:34:51+01:00,diode_test_453_files_1765193684,400,12.64,8.321561e-04,true,R(QR),nelder-mead,4.817977e+02,-3.319258e-08,1.000000e+00,4.772305e+03,,,,,,
2025-12-08T12:34:51+01:00,diode_test_453_files_1765193684,401,9.99,8.873238e-04,true,R(QR),nelder-mead,4.856523e+02,-3.342343e-08,1.000000e+00,4.773051e+03,,,,,,
2025-12-08T12:34:51+01:00,diode_test_453_files_1765193684,402,10.57,8.634494e-04,true,R(QR),nelder-mead,4.847431e+02,-3.337545e-08,1.000000e+00,4.759885e+03,,,,,,
2025-12-08T12:34:51+01:00,diode_test_453_files_1765193684,403,11.02,7.734025e-04,true,R(QR),nelder-mead,4.839438e+02,-3.337021e-08,1.000000e+00,4.749978e+03,,,,,,
2025-12-08T12:34:51+01:00,diode_test_453_files_1765193684,404,13.32,6.918941e-04,true,R(QR),nelder-mead,4.825784e+02,-3.336119e-08,1.000000e+00,4.766301e+03,,,,,,
2025-12-08T12:34:51+01:00,diode_test_453_files_1765193684,405,14.28,7.086661e-04,true,R(QR),nelder-mead,4.846833e+02,-3.329140e-08,1.000000e+00,4.753524e+03,,,,,,
2025-12-08T12:34:51+01:00,diode_test_453_files_1765193684,406,11.83,6.530052e-04,true,R(QR),nelder-mead,4.839006e+02,-3.343206e-08,1.000000e+00,4.743542e+03,,,,,,
2025-12-08T12:34:51+01:00,diode_test_453_files_1765193684,407,11.48,5.728261e-04,true,R(QR),nelder-mead,4.810253e+02,-3.327361e-08,1.000000e+00,4.739049e+03,,,,,,
2025-12-08T12:34:51+01:00,diode_test_453_files_1765193684,408,16.84,5.810421e-04,true,R(QR),nelder-mead,4.813863e+02,-3.326449e-08,1.000000e+00,4.731519e+03,,,,,,
2025-12-08T12:34:51+01:00,diode_test_453_files_1765193684,409,11.23,5.981543e-04,true,R(QR),nelder-mead,4.821737e+02,-3.322743e-08,1.000000e+00,4.745471e+03,,,,,,
2025-12-08T12:34:51+01:00,diode_test_453_files_1765193684,410,11.22,4.623595e-04,true,R(QR),nelder-mead,4.842816e+02,-3.336082e-08,1.000000e+00,4.721347e+03,,,,,,
2025-12-08T12:34:51+01:00,diode_test_453_files_1765193684,411,10.81,4.986305e-04,true,R(QR),nelder-mead,4.831414e+02,-3.320381e-08,1.000000e+00,4.710752e+03,,,,,,
2025-12-08T12:34:51+01:00,diode_test_453_files_1765193684,412,11.36,4.932926e-04,true,R(QR),nelder-mead,4.812150e+02,-3.343294e-08,1.000000e+00,4.706663e+03,,,,,,
2025-12-08T12:34:51+01:00,diode_test_453_files_1765193684,413,10.52,4.886683e-04,true,R(QR),nelder-mead,4.823688e+02,-3.321256e-08,1.000000e+00,4.689428e+03,,,,,,
2025-12-08T12:34:51+01:00,diode_test_453_files_1765193684,414,11.03,5.339534e-04,true,R(QR),nelder-mead,4.842428e+02,-3.335792e-08,1.000000e+00,4.701728e+03,,,,,,
2025-12-08T12:34:51+01:00,diode_test_453_files_1765193684,415,11.13,5.474567e-04,true,R(QR),nelder-mead,4.808578e+02,-3.315270e-08,1.000000e+00,4.707152e+03,,,,,,
2025-12-08T12:34:51+01:00,diode_test_453_files_1765193684,416,9.70,4.767666e-04,true,R(QR),nelder-mead,4.824797e+02,-3.311576e-08,1.000000e+00,4.688485e+03,,,,,,
2025-12-08T12:34:51+01:00,diode_test_453_files_1765193684,417,12.70,4.526209e-04,true,R(QR),nelder-mead,4.813490e+02,-3.333158e-08,1.000000e+00,4.691690e+03,,,,,,
2025-12-08T12:34:51+01:00,diode_test_453_files_1765193684,418,10.21,4.715029e-04,true,R(QR),nelder-mead,4.830623e+02,-3.320285e-08,1.000000e+00,4.703052e+03,,,,,,
2025-12-08T12:34:51+01:00,diode_test_453_files_1765193684,419,11.60,4.165850e-04,true,R(QR),nelder-mead,4.805392e+02,-3.313734e-08,1.000000e+00,4.671512e+03,,,,,,
2025-12-08T12:34:51+01:00,diode_test_453_files_1765193684,420,14.30,3.652892e-04,true,R(QR),nelder-mead,4.820403e+02,-3.333551e-08,1.000000e+00,4.687426e+03,,,,,,
2025-12-08T12:34:51+01:00,diode_test_453_files_1765193684,421,8.12,4.535694e-04,true,R(QR),nelder-mead,4.803858e+02,-3.327252e-08,1.000000e+00,4.684082e+03,,,,,,
2025-12-08T12:34:51+01:00,diode_test_453_files_1765193684,422,10.15,3.204947e-04,true,R(QR),nelder-mead,4.796209e+02,-3.313035e-08,1.000000e+00,4.680987e+03,,,,,,
2025-12-08T12:34:51+01:00,diode_test_453_files_1765193684,423,10.66,3.262687e-04,true,R(QR),nelder-mead,4.827050e+02,-3.314461e-08,1.000000e+00,4.689741e+03,,,,,,
2025-12-08T12:34:51+01:00,diode_test_453_files_1765193684,424,12.60,3.127132e-04,true,R(QR),nelder-mead,4.820739e+02,-3.320604e-08,1.000000e+00,4.674783e+03,,,,,,
2025-12-08T12:34:51+01:00,diode_test_453_files_1765193684,425,12.68,4.065128e-04,true,R(QR),nelder-mead,4.814069e+02,-3.314188e-08,1.000000e+00,4.677881e+03,,,,,,
2025-12-08T12:34:51+01:00,diode_test_453_files_1765193684,426,8.87,3.192321e-04,true,R(QR),nelder-mead,4.812363e+02,-3.318547e-08,1.000000e+00,4.664081e+03,,,,,,
2025-12-08T12:34:51+01:00,diode_test_453_files_1765193684,427,13.16,3.543063e-04,true,R(QR),nelder-mead,4.837990e+02,-3.320289e-08,1.000000e+00,4.657468e+03,,,,,,
2025-12-08T12:34:51+01:00,diode_test_453_files_1765193684,428,12.46,3.478609e-04,true,R(QR),nelder-mead,4.813083e+02,-3.308453e-08,1.000000e+00,4.648804e+03,,,,,,
2025-12-08T12:34:51+01:00,diode_test_453_files_1765193684,429,6.42,2.719374e-04,true,R(QR),nelder-mead,4.810697e+02,-3.330604e-08,1.000000e+00,4.656988e+03,,,,,,
2025-12-08T12:34:51+01:00,diode_test_453_files_1765193684,430,15.78,2.911489e-04,true,R(QR),nelder-mead,4.808928e+02,-3.336114e-08,1.000000e+00,4.654848e+03,,,,,,
2025-12-08T12:34:51+01:00,diode_test_453_files_1765193684,431,11.55,2.323174e-04,true,R(QR),nelder-mead,4.821110e+02,-3.320453e-08,1.000000e+00,4.649238e+03,,,,,,
2025-12-08T12:34:51+01:00,diode_test_453_files_1765193684,432,12.24,2.425149e-04,true,R(QR),nelder-mead,4.820718e+02,-3.322559e-08,1.000000e+00,4.637723e+03,,,,,,
2025-12-08T12:34:51+01:00,diode_test_453_files_1765193684,433,11.48,2.422147e-04,true,R(QR),nelder-mead,4.812767e+02,-3.326324e-08,1.000000e+00,4.663020e+03,,,,,,
2025-12-08T12:34:51+01:00,diode_test_453_files_1765193684,434,10.37,2.140305e-04,true,R(QR),nelder-mead,4.811989e+02,-3.310101e-08,1.000000e+00,4.656657e+03,,,,,,
2025-12-08T12:34:51+01:00,diode_test_453_files_1765193684,435,13.53,2.192714e-04,true,R(QR),nelder-mead,4.808633e+02,-3.320718e-08,1.000000e+00,4.645766e+03,,,,,,
2025-12-08T12:34:51+01:00,diode_test_453_files_1765193684,436,9.75,2.410929e-04,true,R(QR),nelder-mead,4.813908e+02,-3.301707e-08,1.000000e+00,4.654183e+03,,,,,,
2025-12-08T12:34:51+01:00,diode_test_453_files_1765193684,437,9.82,2.484463e-04,true,R(QR),nelder-mead,4.801261e+02,-3.313072e-08,1.000000e+00,4.651168e+03,,,,,,
2025-12-08T12:34:51+01:00,diode_test_453_files_1765193684,438,9.35,2.174187e-04,true,R(QR),nelder-mead,4.788230e+02,-3.311976e-08,1.000000e+00,4.646617e+03,,,,,,
2025-12-08T12:34:51+01:00,diode_test_453_files_1765193684,439,14.64,2.904738e-04,true,R(QR),nelder-mead,4.802773e+02,-3.277264e-08,1.000000e+00,4.641372e+03,,,,,,
2025-12-08T12:34:51+01:00,diode_test_453_files_1765193684,440,13.97,4.086874e-04,true,R(QR),nelder-mead,4.791764e+02,-3.271069e-08,1.000000e+00,4.632687e+03,,,,,,
2025-12-08T12:34:51+01:00,diode_test_453_files_1765193684,441,15.22,2.145395e-04,true,R(QR),nelder-mead,4.809114e+02,-3.308135e-08,1.000000e+00,4.633072e+03,,,,,,
2025-12-08T12:34:51+01:00,diode_test_453_files_1765193684,442,11.57,1.907088e-04,true,R(QR),nelder-mead,4.811462e+02,-3.319388e-08,1.000000e+00,4.632185e+03,,,,,,
2025-12-08T12:34:51+01:00,diode_test_453_files_1765193684,443,21.21,1.564651e-04,true,R(QR),nelder-mead,4.808424e+02,-3.306386e-08,1.000000e+00,4.620388e+03,,,,,,
2025-12-08T12:34:51+01:00,diode_test_453_files_1765193684,444,16.51,1.639099e-04,true,R(QR),nelder-mead,4.801001e+02,-3.314811e-08,1.000000e+00,4.640362e+03,,,,,,
2025-12-08T12:34:51+01:00,diode_test_453_files_1765193684,445,13.26,1.397870e-04,true,R(QR),nelder-mead,4.792743e+02,-3.310143e-08,1.000000e+00,4.630802e+03,,,,,,
2025-12-08T12:34:51+01:00,diode_test_453_files_1765193684,446,18.15,2.068269e-04,true,R(QR),nelder-mead,4.812976e+02,-3.308903e-08,1.000000e+00,4.632096e+03,,,,,,
2025-12-08T12:34:51+01:00,diode_test_453_files_1765193684,447,16.03,1.686386e-04,true,R(QR),nelder-mead,4.800981e+02,-3.309306e-08,1.000000e+00,4.632930e+03,,,,,,
2025-12-08T12:34:51+01:00,diode_test_453_files_1765193684,448,20.17,3.090051e-04,true,R(QR),nelder-mead,4.783094e+02,-3.414435e-08,9.967296e-01,4.623996e+03,,,,,,
2025-12-08T12:34:51+01:00,diode_test_453_files_1765193684,449,15.74,4.042607e-04,true,R(QR),nelder-mead,4.813676e+02,-3.283265e-08,1.000000e+00,4.615821e+03,,,,,,
2025-12-08T12:34:51+01:00,diode_test_453_files_1765193684,450,15.40,1.162014e-04,true,R(QR),nelder-mead,4.786659e+02,-3.295531e-08,1.000000e+00,4.618355e+03,,,,,,
2025-12-08T12:34:51+01:00,diode_test_453_files_1765193684,451,12.88,3.845934e-04,true,R(QR),nelder-mead,4.821232e+02,-3.281390e-08,1.000000e+00,4.616859e+03,,,,,,
2025-12-08T12:34:51+01:00,diode_test_453_files_1765193684,452,6.62,1.393593e-04,true,R(QR),nelder-mead,4.790857e+02,-3.311047e-08,1.000000e+00,4.606498e+03,,,,,,
